financial_period,industry,is_xu100,profile,sector,status,symbol,statement_pe,statement_pb,statement_ev,statement_roe,statement_roa,statement_curr,statement_quick,statement_de,statement_nde,statement_eq_assets,statement_gross,statement_opm,statement_netm,statement_ebitdam,statement_rev_g,statement_ni_g,statement_fcfm,statement_pfcf,snapshot_version,snapshot_utc
2026Q2,Investment Managers,False,Finansal,Finance,WARNING,A1CAP,1.8376053019766956,0.3423191263303268,,23.10785641234981,8.24969708056119,,,,,0.32191678306359217,,,,,,22.98523852873,,,1.2.0-rc1,2026-10-10T10:03:33.692388+00:00
2026Q2,Alternative Power Generation,False,Genel,Utilities,OK,A1YEN,8.234285719454421,0.29630880044044955,,4.000424633542972,3.055739570321698,1.1839432623292752,1.1594880830619463,0.13419299363358653,,0.7814823137618132,37.47298725355214,26.57583803160225,22.863488542293947,,4.981075657072198,4.709284369123945,-58.3947159389659,,1.2.0-rc1,2026-10-10T10:03:33.692388+00:00
2026Q2,Real Estate Development,False,GYO,Finance,OK,AAGYO,,,,-0.5102379113799258,-0.4164420251172138,55.60898767101111,34.644575775020776,,,0.8161722518637564,,,,,,,,,1.2.0-rc1,2026-10-10T10:03:33.692388+00:00
2026Q2,Chemicals: Specialty,False,Genel,Process Industries,WARNING,ACSEL,,1.4214486885866577,,-1.0652485887552903,-0.6562625233990016,1.2053065304818056,0.9079212932395185,0.21639404113427466,,0.6337159974798859,11.565940452375274,5.850034448002902,-0.6926520138508089,,12.465054627281669,-94.89634742037893,15.727071711465943,6.715699672160674,1.2.0-rc1,2026-10-10T10:03:33.692388+00:00
2026Q2,Recreational Products,False,Genel,Consumer Durables,OK,ADEL,,4.955750327533801,,-31.114446251533966,-10.371589315380483,0.9680471784375079,0.6546295819157312,2.0934031780968683,,0.2874474597618664,36.25329142819687,-0.043659489394663194,-13.896756153326544,,-0.5878208129590834,8.15715877384835,-10.578833630392639,,1.2.0-rc1,2026-10-10T10:03:33.692388+00:00
2026Q2,Real Estate Development,False,Genel,Finance,WARNING,ADESE,34.71467050297434,0.20482277141454502,,0.665965679929078,1.6223834300527946,4.800169696769995,0.9092768623713571,0.010447247843129606,,0.542247633568015,29.70166676251294,8.996609130143733,20.054680452646792,,126.68161971094416,-81.74222714744126,18.79464645194223,8.332946249073611,1.2.0-rc1,2026-10-10T10:03:33.692388+00:00
2026Q2,Financial Conglomerates,False,GYO,Finance,OK,ADGYO,,1.3873895166785644,,-9.118310940409431,-7.837358209578958,22.464245121812965,3.460141908033493,,,0.8312892814184288,,,,,-9.085608828643089,-207.32623119367705,,,1.2.0-rc1,2026-10-10T10:03:33.692388+00:00
2026Q2,Beverages: Non-Alcoholic,True,Genel,Consumer Non-Durables,WARNING,AEFES,10.949712207208073,0.8747467328733877,,9.146716949258469,4.617471257458947,1.0299232116749957,0.774009851229324,0.8450883049777774,,0.2533893801744384,38.880996812406124,11.820344710445358,6.988387627329465,,-3.3614340280085586,-33.164189707518965,8.624973339740242,4.329819406221482,1.2.0-rc1,2026-10-10T10:03:33.692388+00:00
2026Q2,Construction Materials,False,Genel,Non-Energy Minerals,WARNING,AFYON,55.267799521448495,0.5506970912042807,,1.1003690764005891,0.9564085548897148,2.0067305315447577,1.495724567793071,0.02427582186809371,,0.8522619740774128,20.07536401416557,16.12107200738359,1.6427404698917027,,9.360078079245104,-76.95490058547351,13.710131978601996,6.622157328422927,1.2.0-rc1,2026-10-10T10:03:33.692388+00:00
2026Q2,Life/Health Insurance,False,Sigorta,Finance,OK,AGESA,,3.4441147181793736,,,,,,,,0.023137090087921485,,,,,,67.90468323270883,,,1.2.0-rc1,2026-10-10T10:03:33.692388+00:00
2026Q2,Beverages: Non-Alcoholic,True,Holding,Consumer Non-Durables,OK,AGHOL,16.67687563223449,0.5999128128217353,,4.095908689669307,3.393801206222776,0.947205630645537,0.5848475107882647,,,0.16253126530823947,,,,,4.653404700559438,77.01611843175904,,,1.2.0-rc1,2026-10-10T10:03:33.692388+00:00
2026Q2,Packaged Software,False,Savunma/Teknoloji,Technology Services,OK,AGROT,,0.3831290605809689,,-7.503997390570556,-5.899856852624409,2.6277050849785497,2.216232312738745,0.03968759093929591,,0.7411469188443728,3.3001439298807065,-27.60168141955769,-31.587333348479667,,-3.6820818117125786,-2.428279857378557,-45.22629770595301,,1.2.0-rc1,2026-10-10T10:03:33.692388+00:00
2026Q2,Real Estate Investment Trusts,False,GYO,Finance,OK,AGYO,,0.2680018721218619,,-3.6373604072326793,-3.141793984892136,9.655249975400967,9.655249975400967,,,0.8420211725059515,,,,,5.219548730162771,-72.64211144905497,,,1.2.0-rc1,2026-10-10T10:03:33.692388+00:00
2026Q2,Gas Distributors,True,Genel,Utilities,WARNING,AHGAZ,22.209362998603023,2.0984296298414673,,11.147174761548028,3.926469298187433,1.0207855731366033,1.0182288363856802,0.1372038855268066,,0.23729032152565502,33.63437581872416,26.75191963972985,15.205697287027018,,11.63196936471451,175.04779736632804,37.44474210359812,6.456118763986589,1.2.0-rc1,2026-10-10T10:03:33.692388+00:00
2026Q2,Real Estate Development,False,GYO,Finance,OK,AHSGY,1.3037016806819488,0.43137058832966135,,43.814425640222474,34.98437501832693,39.21688529233483,32.24141823743206,,,0.7738568078910844,,,,,173.65408930821874,-1393.869205892966,,,1.2.0-rc1,2026-10-10T10:03:33.692388+00:00
2026Q2,Regional Banks,True,Banka,Finance,OK,AKBNK,,1.086449077325048,,,2.0401399247207235,,,,,0.08711745643402867,,,,,,54.89606136749292,,,1.2.0-rc1,2026-10-10T10:03:33.692388+00:00
2026Q2,Construction Materials,True,Genel,Non-Energy Minerals,OK,AKCNS,63.549799554564096,1.4854818608203055,,2.626624587893463,1.89454370439371,1.509635623128091,1.1873860689519233,0.15556982325497937,,0.7192468045816915,11.283479295647647,5.021811971322607,2.2517485686839067,,3.3108312877556223,-51.39254624216083,5.630334842554656,25.415570155008904,1.2.0-rc1,2026-10-10T10:03:33.692388+00:00
2026Q2,Electric Utilities,False,Genel,Utilities,OK,AKENR,,0.36462261258014256,,-31.61874683146056,-11.919052216272553,0.09954526705353241,0.09376404404911742,1.6351205763157282,,0.35301431852257853,-4.017612681954091,-7.616390478768015,-23.188816842125828,,-34.24377231039289,-16.22797632449151,-0.11662781712230251,,1.2.0-rc1,2026-10-10T10:03:33.692388+00:00
2026Q2,Real Estate Investment Trusts,False,GYO,Finance,OK,AKFGY,5.153531029448522,0.25051316813546465,,5.620637900570219,4.190675211549359,2.989092809333362,1.1294492977562238,,,0.727213278154646,,,,,12.405115270266332,8.80701282005183,,,1.2.0-rc1,2026-10-10T10:03:33.692388+00:00
2026Q2,Engineering & Construction,False,Genel,Industrial Services,OK,AKFIS,38.84849975837964,1.8113483676435003,,5.409185607086811,2.965008713684714,1.4933392228825793,1.3920495286285057,0.5492118847054047,,0.5717783420424667,10.379336181948972,128.3998663046832,14.287081622339901,,16.13906089403212,78.41866552825938,36.90364143715458,15.030909814086744,1.2.0-rc1,2026-10-10T10:03:33.692388+00:00
2026Q2,Alternative Power Generation,True,Genel,Utilities,OK,AKFYE,10.072397750148632,0.3958500525320257,,4.815373868360866,3.703554763632242,0.5036416813088371,0.503058548021328,0.18203298823723574,,0.7996874900253882,22.957754730931164,39.80572321260091,40.86655171803798,,-3.2250769702007465,-843.8447635803083,21.432592809722053,19.16827763815254,1.2.0-rc1,2026-10-10T10:03:33.692388+00:00
2026Q2,Multi-Line Insurance,False,Sigorta,Finance,OK,AKGRT,,0.9743156367618302,,,,,,,,0.21406147047234414,,,,,,-6.654825543524378,,,1.2.0-rc1,2026-10-10T10:03:33.692388+00:00
2026Q2,Agricultural Commodities/Milling,False,Genel,Process Industries,OK,AKHAN,79.4656988052118,1.454782814786707,,3.661410738619955,2.002411197883451,1.5857186676803394,0.7040337295707213,0.6279608155270483,,0.4470857794668103,11.067746679174435,6.235858461216496,1.1339089518456038,,,,10.125303994291155,7.275047979239806,1.2.0-rc1,2026-10-10T10:03:33.692388+00:00
2026Q2,Real Estate Investment Trusts,False,GYO,Finance,OK,AKMGY,9.55794273001178,0.7100583794034148,,8.536235256626352,6.986408196073188,5.802877767316096,5.802877767316096,,,0.8101760900627111,,,,,10.520652280769106,28.41078011127991,,,1.2.0-rc1,2026-10-10T10:03:33.692388+00:00
2026Q2,Textiles,True,Genel,Process Industries,OK,AKSA,6.306464648422598,1.1187712777809395,,20.528716632637785,10.174034301631258,0.9090772728301879,0.5943043360515682,0.7762523268070142,,0.4712130724884982,15.418580258635108,12.98543694808821,14.949734534125927,,11.675489040822162,754.3899613352247,-7.002009882798578,,1.2.0-rc1,2026-10-10T10:03:33.692388+00:00
2026Q2,Electric Utilities,True,Genel,Utilities,OK,AKSEN,24.560122797307674,1.3211245016281419,,6.277093246824299,3.542162143629478,0.6116991790837337,0.513206474545904,0.9240873206359416,,0.451869962302154,28.835418965828453,25.958051747303983,10.602039498085729,,-15.38161579415631,55.18608303162866,-26.23239315256053,,1.2.0-rc1,2026-10-10T10:03:33.692388+00:00
2026Q2,Real Estate Investment Trusts,False,GYO,Finance,OK,AKSGY,5.9815338298514,0.43889487264655336,,8.539803311032697,7.111643786199062,3.2986560841601578,1.974649167191582,,,0.8300874463366357,,,,,7.112630694236821,-20.921985560061707,,,1.2.0-rc1,2026-10-10T10:03:33.692388+00:00
2026Q2,Alternative Power Generation,False,Genel,Utilities,WARNING,AKSUE,,1.0952775203520568,,-10.564256105706885,-8.659020831845824,2.6639053220710887,2.372474949370486,0.004358142826405032,,0.8716290150332127,-3.280223423707683,-30.651254291975732,-122.65272468154829,,-12.227437205008451,-28684.328851122395,8.93013577296586,168.54588646460448,1.2.0-rc1,2026-10-10T10:03:33.692388+00:00
2026Q2,Miscellaneous Commercial Services,False,Holding,Commercial Services,WARNING,AKYHO,,0.580902364503723,,-16.021300535096763,-13.714602961301326,2.9474996846896357,1.9741298428904153,,,0.7675253414396698,,,,,-33.06855418848155,-26.677929632138518,,,1.2.0-rc1,2026-10-10T10:03:33.692388+00:00
2026Q2,Real Estate Development,True,Holding,Finance,INFO,ALARK,6.428506959820946,0.487930644214896,,8.90498797370388,4.744962368359654,1.0520313948363744,0.9537575929093626,,,0.546161443529903,,,,,19.504533390721868,-5458.10633998371,,,1.2.0-rc1,2026-10-10T10:03:33.692388+00:00
2026Q2,Major Banks,True,Banka,Finance,OK,ALBRK,,0.7978055522248916,,,,,,,,0.05216621961849395,,,,,,,,,1.2.0-rc1,2026-10-10T10:03:33.692388+00:00
2026Q2,Construction Materials,False,Genel,Non-Energy Minerals,WARNING,ALBTN,50.17686833770213,2.2015964916555006,,8.775344355244485,5.250038939490883,1.5348070596171162,0.7094517056418832,0.189009642611162,,0.5982715580105135,11.482326289332342,11.838117731245173,4.77583974607045,,,,9.721134403990632,24.65110265754255,1.2.0-rc1,2026-10-10T10:03:33.692388+00:00
2026Q2,Building Products,False,Genel,Producer Manufacturing,OK,ALCAR,,3.1643247126333516,,-31.64568097029587,-10.992379374955856,1.376698797473171,0.9110029085307249,0.9097416319380872,,0.3328816127748393,16.164714442216507,-1.7456360989523572,-7.771152689147979,,-9.906210691426509,-229.18716134020426,7.154156409820504,10.901597279588149,1.2.0-rc1,2026-10-10T10:03:33.692388+00:00
2026Q2,Telecommunications Equipment,False,Savunma/Teknoloji,Electronic Technology,WARNING,ALCTL,,0.9323226265967637,,-2.7274397764391964,-1.487873868857118,2.693959528348112,1.7829134730910752,0.04368295713691551,,0.5290008141444958,14.539568103632911,3.018467827724134,-1.4566441533376389,,-7.467031484155262,-260.8782352974067,16.42055080159202,3.2064851510601695,1.2.0-rc1,2026-10-10T10:03:33.692388+00:00
2026Q2,Alternative Power Generation,False,Genel,Utilities,OK,ALFAS,36.35265923445367,1.646551095711335,,5.128894767822962,2.2095655246196335,1.0841088106750636,0.6607051152113329,0.47382847178585746,,0.4184633326039137,12.314291480719179,6.855295486304004,3.446816004048466,,-16.609563846976194,1135.8709571425172,24.029231411685075,5.454055637470375,1.2.0-rc1,2026-10-10T10:03:33.692388+00:00
2026Q2,Real Estate Investment Trusts,False,GYO,Finance,OK,ALGYO,,0.31228372644802194,,-12.182402775132882,-7.979258059258451,0.23486230639355052,0.23486230639355052,,,0.6079810734608865,,,,,23.84629622122536,-369.3568163860858,,,1.2.0-rc1,2026-10-10T10:03:33.692388+00:00
2026Q2,Pulp & Paper,False,Genel,Process Industries,OK,ALKA,,1.8596552834056537,,-6.293112103250744,-3.716920514836634,0.8332744054175129,0.49065875558874783,0.21905191464504725,,0.5555660634896082,12.308770755287997,0.36003727871244895,-4.145337164896021,,-9.288311448911646,8.231681272185675,-3.9899163842750136,,1.2.0-rc1,2026-10-10T10:03:33.692388+00:00
2026Q2,Pulp & Paper,False,Genel,Process Industries,OK,ALKIM,,0.730461841079944,,-11.589567712551416,-8.097727657908152,1.3935400101612234,0.7926920203954303,0.10887076457986043,,0.6349609784580971,9.489929817606974,0.5237729675982332,-9.272133671147033,,-4.1665676843458455,140.78210647882807,3.70306479697263,16.324210744754964,1.2.0-rc1,2026-10-10T10:03:33.692388+00:00
2026Q2,Food: Meat/Fish/Dairy,False,Genel,Consumer Non-Durables,OK,ALKLC,,2.840740561097036,,-15.505442212129278,-5.9880382541583765,0.9877270272418542,0.5060414138317778,1.07415533268559,,0.36675632101624595,27.627387107275027,12.125136836060785,-6.294864963252738,,24.287324389448628,-1056.7940154400987,-27.86747765652504,,1.2.0-rc1,2026-10-10T10:03:33.692388+00:00
2026Q2,Aerospace & Defense,True,Savunma/Teknoloji,Electronic Technology,WARNING,ALTNY,262.21123785730015,2.4175436486018036,,1.0537961038342063,-0.5504572187276768,1.1976205834333862,0.5586008855705741,0.4919582125125603,,0.43633877450206754,28.018446676862485,7.05682296688703,-1.6011949606744544,,13.514723616137502,-87.85821884666085,-35.98276751432194,,1.2.0-rc1,2026-10-10T10:03:33.692388+00:00
2026Q2,Electrical Products,False,Genel,Producer Manufacturing,OK,ALVES,,0.3957274506715708,,,,1.1684628100774228,0.6613688506537044,1.4145771017326203,,0.2880153992045776,,,,,,,,,1.2.0-rc1,2026-10-10T10:03:33.692388+00:00
2026Q2,Engineering & Construction,False,Genel,Industrial Services,OK,ANELE,,8.171934778695798,,-178.27317854583504,-26.51478198555956,1.0583802787751009,1.0539292422587485,1.250832105389754,,0.06964719078881237,1.1667816320318956,-33.88999415206494,-50.656411455939164,,-25.999649442727048,2698.4865971578447,33.31188219194976,2.90030464784255,1.2.0-rc1,2026-10-10T10:03:33.692388+00:00
2026Q2,Biotechnology,False,Genel,Health Technology,OK,ANGEN,,1.0039793410132967,,-18.22039632399983,-13.356579518797817,2.0206774999451684,1.1531391068601344,0.3191924065057214,,0.6644543128398336,59.75581819847673,-9.704836484675084,-35.72913337156663,,10.278352418432313,-23.095109768070653,-12.985415651847202,,1.2.0-rc1,2026-10-10T10:03:33.692388+00:00
2026Q2,Life/Health Insurance,True,Sigorta,Finance,OK,ANHYT,,3.4183148486853785,,,,,,,,0.027015833104571375,,,,,,57.00270506066254,,,1.2.0-rc1,2026-10-10T10:03:33.692388+00:00
2026Q2,Property/Casualty Insurance,True,Sigorta,Finance,OK,ANSGR,,1.042643414404512,,,,,,,,0.3047137019028924,,,,,,39.71685241522827,,,1.2.0-rc1,2026-10-10T10:03:33.692388+00:00
2026Q2,Electric Utilities,False,Genel,Utilities,OK,ARASE,8.364929544373329,0.9966066168693375,,13.982910096649364,9.903866571437202,2.033724983561919,1.9831002451743487,0.09521200813496251,,0.7500467777184155,38.37886357957478,24.802838560520808,7.2297042595024505,,-10.69199416836324,276.3166414792722,6.90182290771119,8.762317950787445,1.2.0-rc1,2026-10-10T10:03:33.692388+00:00
2026Q2,Electronics/Appliances,True,Genel,Consumer Durables,OK,ARCLK,,0.7018536906399924,,-4.039002271947297,-0.812313225009972,0.995234101013881,0.7173704029402089,3.317834427749394,,0.13060889746073479,29.295823995712826,1.9447289298502664,-0.7629337074351394,,-7.373653950407,-88.62374782567606,3.3840174072337157,2.7583582401398967,1.2.0-rc1,2026-10-10T10:03:33.692388+00:00
2026Q2,Packaged Software,False,Savunma/Teknoloji,Technology Services,OK,ARDYZ,16.12704848038579,3.148973689705203,,25.969293722323133,15.429636004188957,1.2589021672951397,1.087234054961529,0.27521271198897646,,0.6014050027498417,47.89276464586893,35.35264239348905,16.209249867330296,,143.5991822403104,120.83779748694363,-0.44218043045795774,,1.2.0-rc1,2026-10-10T10:03:33.692388+00:00
2026Q1,Electronics Distributors,False,Genel,Distribution Services,OK,ARENA,,0.8162714922408485,,-49.39618478776477,-8.759380536416524,1.0878302111504747,0.8819911694949394,2.6939233528740236,,0.15577167087457913,4.323210141639017,-0.1939425362797052,-3.87697261697269,,-40.077605752583054,104.51598394921713,6.583369754265135,0.7734495896439696,1.2.0-rc1,2026-10-10T10:03:33.692388+00:00
2026Q2,Alternative Power Generation,False,Genel,Utilities,OK,ARFYE,,1.1232877446106453,,-8.692882093843073,-6.802869320707747,4.89338180344419,4.575712906109091,0.14283233451171753,,0.7825792697137847,23.422166383411426,3.9738558279544596,-18.964548838676848,,,,-96.96780192120154,,1.2.0-rc1,2026-10-10T10:03:33.692388+00:00
2026Q2,Food: Major Diversified,False,Genel,Consumer Non-Durables,OK,ARMGD,13.91741354592112,3.819541032595334,,35.062235712852264,15.861287150129687,1.537994572653438,0.658518836823443,1.0052183462459119,,0.4486538957083137,18.223660954776683,14.026832134732567,14.41948896586581,,49.686596850414034,95.86979432898268,-35.12805113168966,,1.2.0-rc1,2026-10-10T10:03:33.692388+00:00
2026Q2,Textiles,False,Holding,Process Industries,WARNING,ARSAN,18.587658151549903,0.4445123411981799,,2.8495157965900604,2.200040476297514,3.2400538900744413,3.1778716985755535,,,0.7684764025454363,,,,,162.47090577616282,444.8387340592313,,,1.2.0-rc1,2026-10-10T10:03:33.692388+00:00
2026Q2,Specialty Stores,False,Genel,Retail Trade,OK,ARTMS,19.833334864948966,0.8219870040971413,,4.628290862403803,3.459211638423597,4.370968063921061,1.1056640235189494,0.20904532140243284,,0.7190954231123388,44.96396726881637,2.256326062794257,25.057374145369927,,-71.77774361705589,-73.79202181475515,-64.18374045270376,,1.2.0-rc1,2026-10-10T10:03:33.692388+00:00
2026Q2,Wholesale Distributors,False,Genel,Distribution Services,OK,ARZUM,,,,,-26.228939513320732,0.593704308049307,0.42020559261300583,,,,21.619754707003505,-17.132135882768075,-22.510740518548822,,-47.39478779736821,59.74605884831745,45.92163082710883,0.37092927295661415,1.2.0-rc1,2026-10-10T10:03:33.692388+00:00
2026Q2,Aerospace & Defense,True,Savunma/Teknoloji,Electronic Technology,OK,ASELS,38.83271026642879,5.221614911602089,,17.33953602963014,9.812024295506939,1.4719553774366607,0.8418776303343217,0.23893946181205986,,0.5579723136254593,31.741877374997568,24.927750978205733,17.915905353828208,,27.751745758432822,76.59940163383982,-3.310223926103394,,1.2.0-rc1,2026-10-10T10:03:33.692388+00:00
2026Q2,Real Estate Development,False,GYO,Finance,INFO,ASGYO,0.9810227678910555,0.22194186042787242,,28.77426778706176,24.414452489502303,1006.2140905725523,84.39388128761435,,,0.9181435099858467,,,,,164.42035289349352,-532.6957844055952,,,1.2.0-rc1,2026-10-10T10:03:33.692388+00:00
2026Q2,Electrical Products,True,Genel,Producer Manufacturing,OK,ASTOR,18.211644785507836,4.657735139584713,,32.024222796097035,20.60302872734323,2.0087280354985073,1.299360685800294,0.13567265763759223,,0.6205572344102037,37.7597681020341,29.9149917267657,26.11262519866232,,15.129271690325208,52.977854758362454,-12.933644010508589,,1.2.0-rc1,2026-10-10T10:03:33.692388+00:00
2026Q2,Motor Vehicles,False,Genel,Consumer Durables,WARNING,ASUZU,,0.6857529090739009,,-0.8883270166978554,-0.22717475732044026,1.1564261731874643,0.6265035645674577,0.9541253166353093,,0.3260979384615581,12.534732593226009,-1.2847227801229415,-0.2433924066191963,,32.58514261083918,-130.75796337891,-12.062302104365502,,1.2.0-rc1,2026-10-10T10:03:33.692388+00:00
2026Q2,Real Estate Investment Trusts,False,GYO,Finance,OK,ATAGY,,0.4803218236275023,,-4.018579278931654,-3.3536706673180516,4.333519967905307,4.333519967905307,,,0.8041569820188873,,,,,8.722891270548772,-151.43737410222818,,,1.2.0-rc1,2026-10-10T10:03:33.692388+00:00
2026Q2,Food: Specialty/Candy,False,Genel,Consumer Non-Durables,OK,ATAKP,,0.7032660062271908,,-7.75996537687378,-7.017915948641762,6.207771023257895,4.087246699886786,0.037911817533054996,,0.9143599474564893,8.860069801020632,2.0955244637398325,-11.108922255001467,,-5.729212468960398,-340.8055200259211,1.0212844574769544,111.82236865355917,1.2.0-rc1,2026-10-10T10:03:33.692388+00:00
2026Q2,Packaged Software,False,Savunma/Teknoloji,Technology Services,WARNING,ATATP,2.5582838823803016,0.930686859064522,,48.69564930560732,52.350652800798656,2.1285111481125756,2.085949187222301,0.011007125971407844,,0.5807338850810393,84.85596457327121,66.65501392643262,65.01975685175493,,27.821567198285702,31.75634105312659,-13.223826609281513,,1.2.0-rc1,2026-10-10T10:03:33.692388+00:00
2026Q2,Other Consumer Services,False,Genel,Consumer Services,OK,ATATR,5.389340638982408,0.6520293615322104,,24.19699941829336,18.57176578561732,1.2517781381326485,1.2012469570138111,0.08397218777643033,,0.7401918290416669,39.259294426779,10.94300750971736,36.46367347470451,,,,-66.51626439793546,,1.2.0-rc1,2026-10-10T10:03:33.692388+00:00
2026Q2,Textiles,False,Genel,Process Industries,OK,ATEKS,1.0502367730853774,0.2760616283874833,,37.18441695414901,26.819676938740304,3.332359662495618,1.3012060526697722,0.05752501777332057,,0.7542909899652241,6.432011625372559,-27.342255042705638,293.7688572798416,,-68.68927438961006,-652.9939357355275,31.475044900288722,9.806308373273765,1.2.0-rc1,2026-10-10T10:03:33.692388+00:00
2026Q2,Investment Trusts/Mutual Funds,False,Yatırım Ortaklığı,Miscellaneous,WARNING,ATLAS,,0.5536377005189624,,-5.06649558477467,-5.0170364022921845,100.31584931629814,100.31584931629814,,,0.9868415400444936,,,,,39.991975016975736,36.69803045117111,,,1.2.0-rc1,2026-10-10T10:03:33.692388+00:00
2026Q2,Investment Trusts/Mutual Funds,False,Holding,Miscellaneous,OK,ATSYH,,5.390245768861477,,-5.445083752584998,-4.013579345255907,1.1570982757081172,1.0323367808874773,,,0.3507981228856412,,,,,109.15448130486341,43.295832828198,,,1.2.0-rc1,2026-10-10T10:03:33.692388+00:00
2026Q2,Real Estate Investment Trusts,False,GYO,Finance,OK,AVGYO,11.358834412646864,0.7257927720723916,,7.504795745902938,6.539188783946603,3.323211614186001,3.323211614186001,,,0.8229634663599535,,,,,-11.396210177371302,-360.68106835391364,,,1.2.0-rc1,2026-10-10T10:03:33.692388+00:00
2026Q2,Hospital/Nursing Management,False,Holding,Health Services,OK,AVHOL,,0.9315676408108222,,-66.9047439883183,-28.08747872486938,1.135461586489877,1.046650302380785,,,0.3225745399055685,,,,,-32.747337798658606,-172.28512671161567,,,1.2.0-rc1,2026-10-10T10:03:33.692388+00:00
2026Q2,Food: Specialty/Candy,False,Genel,Consumer Non-Durables,WARNING,AVOD,,0.6116739265686088,,-17.613744316376362,-5.467806141447787,1.1148319336661558,0.6629558078253194,0.7325307516972934,,0.39638528757333064,8.86803826769058,-4.081539490624449,-8.694239952585,,-13.52723059616271,-51.92618159906974,59.29206175726613,0.7167097677109131,1.2.0-rc1,2026-10-10T10:03:33.692388+00:00
2026Q2,Real Estate Development,False,GYO,Finance,OK,AVPGY,15.426502800517882,0.4342041004428579,,3.134143065087419,2.465134095954381,7.305191235308959,1.7229642783963572,,,0.7984314403913633,,,,,5.6453343479743845,841.9587011016284,,,1.2.0-rc1,2026-10-10T10:03:33.692388+00:00
2026Q2,Hotels/Resorts/Cruise lines,False,Genel,Consumer Services,OK,AYCES,,1.6266245478604402,,-2.7589589422364416,-2.1238187443690797,0.3314264787571043,0.2923897260362539,0.02290634166058092,,0.7690624815288029,1.94609747894776,-44.39007897626878,-32.48124123957308,,-7.643513314290152,243.97362449274533,4.5762238073504555,471.0935433656961,1.2.0-rc1,2026-10-10T10:03:33.692388+00:00
2026Q2,Alternative Power Generation,False,Genel,Utilities,OK,AYDEM,12.92973782617294,0.36895253577688936,,3.4299029255893503,1.9574636993558114,1.5726311124155656,1.5650340449914277,0.515698114250719,,0.6114224043359463,17.807455382390643,12.73388383193312,9.355981589558697,,29.255644084253586,-107.3096932786852,52.344727309397754,2.3110329402322853,1.2.0-rc1,2026-10-10T10:03:33.692388+00:00
2026Q2,Electric Utilities,False,Genel,Utilities,OK,AYEN,39.962550783189876,0.3575109812864887,,1.0075877980335477,0.9331611378975116,0.7377765587722479,0.7377765587722479,0.36557486853598625,,0.6826583368538301,20.244411943296978,13.965141117598492,3.3073440587591,,-19.471360377819003,-69.60568928157842,22.926612719666377,4.070055382261438,1.2.0-rc1,2026-10-10T10:03:33.692388+00:00
2026Q2,Metal Fabrication,False,Genel,Producer Manufacturing,OK,AYES,,0.9079112684278857,,,,1.5227597162017945,1.2930378268906033,0.510673860070983,,0.5232864885561407,,,,,,,,,1.2.0-rc1,2026-10-10T10:03:33.692388+00:00
2026Q2,Gas Distributors,True,Genel,Utilities,OK,AYGAZ,7.104800429870126,0.7620292800991163,,12.660137668573446,10.844422085947734,1.554438902034281,1.4238172437995094,0.03771896028691878,,0.8693205460121571,11.098870996792764,2.5728042278591063,8.623762880560303,,-7.935474857642133,142.01653961179116,2.8723455904953754,21.331038445946895,1.2.0-rc1,2026-10-10T10:03:33.692388+00:00
2026Q2,Electronics Distributors,False,Genel,Distribution Services,OK,AZTEK,,1.615815478922057,,-43.37202642990527,-16.784967142686273,1.4443020473628705,0.9732817643799562,1.4016347152646618,,0.3373435492433866,9.945203589202862,2.494080112010757,-8.399087807787286,,-8.378354675594757,-447.3540954157552,-5.04100605811531,,1.2.0-rc1,2026-10-10T10:03:33.692388+00:00
2026Q2,Chemicals: Agricultural,False,Genel,Process Industries,OK,BAGFS,15.610241173113387,0.3351864034536561,,2.468434077044783,1.3315292003639028,0.5113937779339851,0.2712014366043607,0.7234462931262488,,0.542951543714609,13.611655593916987,-6.691010896540998,3.572625451376295,,10.080256742010384,-155.6072431338581,64.26123178331422,0.8678567679069592,1.2.0-rc1,2026-10-10T10:03:33.692388+00:00
2026Q2,Industrial Specialties,False,Genel,Process Industries,WARNING,BAHKM,,5.717771127790321,,-20.368759353643025,-17.4574448156149,6.9340309070641535,6.478684391054978,0.025496904104751538,,0.8640736520079023,18.92752097108698,-11.76321981724275,-27.349346500729805,,-7.439805994710835,166.4538591711135,38.51995163732033,20.901330072620198,1.2.0-rc1,2026-10-10T10:03:33.692388+00:00
2026Q2,Containers/Packaging,False,Genel,Process Industries,OK,BAKAB,,0.676509404032173,,-0.2731903427839679,-0.12794830279799996,1.2059520226036955,0.809487209182834,0.328827071398797,,0.469544029740159,10.259820762432446,1.6952726701200633,-0.1152239201518141,,6.621637874413433,-98.00421266407456,3.358367746405276,9.485273866454984,1.2.0-rc1,2026-10-10T10:03:33.692388+00:00
2026Q2,Auto Parts: OEM,False,Genel,Producer Manufacturing,WARNING,BALAT,,21.27855597719638,,,,5.702752389049596,5.702752389049596,0.0,,0.8234566630961354,,,,,,,,,1.2.0-rc1,2026-10-10T10:03:33.692388+00:00
2025Q4,Food: Specialty/Candy,False,Genel,Consumer Non-Durables,OK,BALSU,39.437922614341765,1.6663999777350378,,4.361512721304816,1.0129403055602162,1.0721673215495187,0.6050595875156779,2.3779515460628073,,0.1936291671125858,16.22710580252045,11.948496049597354,1.124545930373958,,-1.5763553074290004,-59.449675352297774,-13.124958734188807,,1.2.0-rc1,2026-10-10T10:03:33.692388+00:00
2026Q2,Agricultural Commodities/Milling,False,Genel,Process Industries,OK,BANVT,,1.0376323875716167,,-31.6727992384777,-16.178133317661416,1.3488307439990737,1.1105171230842874,0.35522556175182773,,0.5026195194784162,0.8576810259079785,-12.222998371764557,-10.499463120887901,,-15.76545770326635,-315.84903305968083,-12.548067537977706,,1.2.0-rc1,2026-10-10T10:03:33.692388+00:00
2026Q2,Containers/Packaging,False,Genel,Process Industries,WARNING,BARMA,,0.3237182003223219,,-3.257908698359423,-1.1067772368686066,0.41251791316467784,0.33270379603355277,1.5026322411388153,,0.3172297830433875,21.164304038018138,3.7394451293723305,-3.042610578738545,,26.479328165329807,-168.88779275003418,-17.19604882267214,,1.2.0-rc1,2026-10-10T10:03:33.692388+00:00
2026Q2,Construction Materials,False,Genel,Non-Energy Minerals,WARNING,BASCM,,0.9717811713848008,,,,1.397027728837303,0.9545146175714737,0.0787669288195191,,0.672951734337167,,,,,,,,,1.2.0-rc1,2026-10-10T10:03:33.692388+00:00
2026Q2,Gas Distributors,False,GYO,Utilities,OK,BASGZ,7.106191967913717,0.7928450537739707,,13.112083533010734,6.92819487838048,0.2816437053912012,0.27610556996463437,,,0.5379209804274154,,,,,3.0334523511341027,-0.39237178798201544,,,1.2.0-rc1,2026-10-10T10:03:33.692388+00:00
2026Q2,Apparel/Footwear,False,Genel,Consumer Non-Durables,WARNING,BAYRK,,3.1122842010614176,,-92.15764097317866,-19.928157780875438,0.7421717762744079,0.4198957959779893,1.0955331904341166,,0.33138837387312176,24.07503471801698,-35.28170749032723,-53.04934550505458,,-22.808274915056558,-19.590464820223453,-17.297627894541844,,1.2.0-rc1,2026-10-10T10:03:33.692388+00:00
2026Q2,Real Estate Development,False,GYO,Finance,OK,BEGYO,,0.36653206128222837,,-8.312670169581763,-8.145453036527337,76.69640125903632,8.881482708023935,,,0.965409257909911,,,,,-86.53224536145036,-140.13762645472133,,,1.2.0-rc1,2026-10-10T10:03:33.692388+00:00
2026Q2,Industrial Conglomerates,True,Holding,Producer Manufacturing,OK,BERA,,0.21843468338671304,,-1.7083486140766622,-1.3006280174147555,2.7483435595823917,1.6929795778985475,,,0.7014072422819557,,,,,0.6833264758216551,-161.13289399635255,,,1.2.0-rc1,2026-10-10T10:03:33.692388+00:00
2026Q2,Food: Specialty/Candy,False,Genel,Consumer Non-Durables,WARNING,BESLR,5.436178618903561,0.3766158289818017,,8.201481646484758,2.8715288937071617,1.332728377617394,1.1000478431555203,0.526400354534884,,0.4350437537142542,23.992635735456176,7.418160995446531,2.84336229453608,,9.276435891258616,28.208399385610416,7.848763322244458,2.4105095469147737,1.2.0-rc1,2026-10-10T10:03:33.692388+00:00
2026Q2,Alternative Power Generation,False,Genel,Utilities,OK,BESTE,10.34479154044834,0.7558998375482058,,14.614114447693266,12.917850216374879,2.8978557003266885,2.8978557003266885,0.05058411415022531,,0.8839297285244587,13.485417882501553,2.011789818704208,74.0971169515505,,,,-47.28551046329561,,1.2.0-rc1,2026-10-10T10:03:33.692388+00:00
2026Q2,Electrical Products,False,Genel,Producer Manufacturing,OK,BETAE,,,,25.26973305084027,10.486949999107301,1.4067864710385252,0.9594752382110416,0.8296753873456482,,0.4150004267163633,32.189687144655025,16.94406117955638,14.974572453791307,,,,-40.64806574678418,,1.2.0-rc1,2026-10-10T10:03:33.692388+00:00
2026Q2,Specialty Stores,False,Genel,Retail Trade,OK,BEYAZ,,1.2727292909069714,,-7.9575628542897565,-2.6013009398287616,1.0233895059257914,0.6510228790715963,0.3577758605657378,,0.30679455454143895,3.766526841627292,1.6397867433268116,-0.43063521098765517,,0.41524819837572835,-165.6559136485138,1.4247532782631922,5.242199557086623,1.2.0-rc1,2026-10-10T10:03:33.692388+00:00
2026Q2,Auto Parts: OEM,False,Genel,Producer Manufacturing,OK,BFREN,56.67132723174055,16.416438294201846,,37.67732269120691,19.107323761398014,2.258423478421751,1.9333045981912838,0.05082825391229122,,0.624174896877931,9.316353067330722,7.94629093619106,6.978298347220265,,3.614474809246704,125.13007904545374,9.941996550074233,39.77766710782866,1.2.0-rc1,2026-10-10T10:03:33.692388+00:00
2026Q2,Construction Materials,False,Genel,Non-Energy Minerals,OK,BIENY,,0.3617485593625551,,-6.581148248054899,-3.372915030542482,1.133011778038755,0.7925707409224558,0.5084836689740678,,0.4996906226368752,17.593118851217415,4.832975613557045,-5.71839286500879,,37.850834095668894,-76.74328901402954,-2.4621697605313404,,1.2.0-rc1,2026-10-10T10:03:33.692388+00:00
2026Q2,Restaurants,False,Genel,Consumer Services,OK,BIGCH,84.42748241779866,1.420667459462537,,1.7490838807206681,0.7197109961581923,0.6111688617907705,0.5145635613668827,0.5777216436807258,,0.40234017137189665,21.9724068183566,5.966908258414386,0.43558904945349897,,4.715497484794873,-74.49476347213509,14.69665455418379,2.502316882970604,1.2.0-rc1,2026-10-10T10:03:33.692388+00:00
2026Q2,Electric Utilities,False,Genel,Utilities,OK,BIGEN,,3.815477970266187,,-2.9487355790034973,-1.4028386860182107,0.29256448660614703,0.29256448660614703,0.9457505248613846,,0.4938149688177664,38.07263073600583,34.42381766241938,-6.690203224717319,,-12.773676451802507,-164.98953545035823,29.962625009275406,30.749238416434867,1.2.0-rc1,2026-10-10T10:03:33.692388+00:00
2026Q2,Publishing: Books/Magazines,False,Genel,Consumer Services,WARNING,BIGTK,242.41225826373386,1.20669483018044,,0.9879305692658871,0.6036248698934287,1.0302636680783623,1.0071372918170203,0.06449369253119225,,0.7065414043592204,47.65396927015768,12.398127793797379,0.8219224338121507,,22.597337858455923,-218.68292383304052,-9.77564874999284,,1.2.0-rc1,2026-10-10T10:03:33.692388+00:00
2026Q2,Food Retail,True,Genel,Retail Trade,OK,BIMAS,16.172879273838497,2.371814489065638,,17.527520976373307,8.237491870614418,1.0319166177384926,0.5519848086017101,0.31085897045551725,,0.46982139271750634,19.36087758709277,2.6592957371280765,3.352575883837896,,12.607535406293868,48.45175849723222,2.7094403952294903,19.815821438572094,1.2.0-rc1,2026-10-10T10:03:33.692388+00:00
2026Q2,Commercial Printing/Forms,False,Genel,Commercial Services,OK,BINBN,,2.8497205993687342,,-40.14258380765645,-34.341307042138496,7.806802521322812,7.50108739650304,0.0231031538118152,,0.8315519173799392,6.5615111663557855,-74.07372000025964,-138.50331227601234,,-43.532807241314195,224.12794774121787,-66.02591064306293,,1.2.0-rc1,2026-10-10T10:03:33.692388+00:00
2026Q2,Packaged Software,True,Holding,Technology Services,OK,BINHO,,0.5609774891104845,,-33.65778579168992,-25.199581818045548,1.4407539498638209,1.4407539498638209,,,0.7486956800683787,,,,,-100.0,5.9716782430456306,,,1.2.0-rc1,2026-10-10T10:03:33.692388+00:00
2026Q2,Electric Utilities,False,Genel,Utilities,OK,BIOEN,,1.4855549016424274,,-24.597722653168745,-8.523765219535791,0.32139803469342754,0.22901754895676857,1.9159206830665858,,0.2824235372873698,-4.495878190289455,-28.65329477538075,-28.883121351351726,,-12.819203576363936,38.66236602657076,6.539334475409664,23.53204907388873,1.2.0-rc1,2026-10-10T10:03:33.692388+00:00
2026Q2,Food Retail,False,Genel,Retail Trade,OK,BIZIM,,,,,-3.6525893088870123,0.5562024214043908,0.23402802226546174,,,,16.63466702540669,-4.993713852937924,-1.1241941008827991,,-16.75235925608557,-80.29974609469912,5.70691644159432,0.6337685323146963,1.2.0-rc1,2026-10-10T10:03:33.692388+00:00
2025Q4,Movies/Entertainment,False,Genel,Consumer Services,OK,BJKAS,,1.9128959097262423,,-35.20554228575754,-5.609804067104375,0.5772532301895068,0.5616803400109306,0.9067434867645973,,0.13621903718921058,-80.12716281927418,-109.7512607513594,-18.949521333042462,,-8.363721180778882,-21.156079384318318,30.523120533260624,3.234204483155282,1.2.0-rc1,2026-10-10T10:03:33.692388+00:00
2026Q2,Real Estate Development,False,GYO,Finance,OK,BKRGY,,0.6671784906498593,,,,0.3210372686334226,0.26603128741652693,,,0.7048294787621205,,,,,,,,,1.2.0-rc1,2026-10-10T10:03:33.692388+00:00
2026Q2,Textiles,False,Genel,Process Industries,WARNING,BLCYT,15.179932738836225,0.350924236562391,,2.6251072030025577,0.4221468958208192,21.26124576731993,20.417105945679364,1.2144426791900575e-05,,0.6887767944022227,20.33647815222266,-5.894596511245791,3.9485707315701077,,-9.75019204754981,-39.246114540265985,17.414334977808497,14.007158560911696,1.2.0-rc1,2026-10-10T10:03:33.692388+00:00
2026Q2,Hotels/Resorts/Cruise lines,False,Genel,Consumer Services,OK,BLUME,,9.647399448596826,,-18.728159423761173,-15.06922122674064,4.292395324970967,1.7991413045075284,0.0927720811439911,,0.7843517905985987,18.610007758067624,0.5547556040618746,-21.325501870159837,,153.14704319447276,-1123.6184443216184,-32.23175984810502,,1.2.0-rc1,2026-10-10T10:03:33.692388+00:00
2026Q2,Metal Fabrication,False,Genel,Producer Manufacturing,OK,BMSCH,,0.6408375988923073,,-1.2129898659780132,-0.6642237468213602,0.7416228726185131,0.334495350883699,0.5125664500874144,,0.5535228006746357,7.410777522818678,-2.2311719923116997,-0.5592005044628262,,-11.364428012225092,-93.66620268002832,-13.224737833532679,,1.2.0-rc1,2026-10-10T10:03:33.692388+00:00
2026Q2,Metal Fabrication,False,Genel,Producer Manufacturing,WARNING,BMSTL,,7.291094234362911,,-3.8074558271130017,-2.1686576918295053,1.319923364561838,0.869822713629847,0.39933985534811905,,0.5899657618373157,19.296337108033825,3.585371054542809,-1.6771059489339286,,21.812633644068246,-19.70316694995249,4.898045434186383,73.82588731650019,1.2.0-rc1,2026-10-10T10:03:33.692388+00:00
2026Q2,Containers/Packaging,False,Genel,Process Industries,OK,BNTAS,4.570480205991199,0.7134435603835004,,17.912146686036408,15.904999678061763,6.189360994634411,5.421470193136391,0.02446680951808343,,0.888048051451635,16.774968889402825,19.956175300804777,18.281479797859276,,0.4350360053878566,6.408587907767793,32.88705546088049,2.540669585081388,1.2.0-rc1,2026-10-10T10:03:33.692388+00:00
2026Q2,Construction Materials,False,Genel,Non-Energy Minerals,OK,BOBET,,0.8314651377815705,,-16.0292239440139,-7.706109191337301,1.0472621628952108,1.0234390261203103,0.831964587765879,,0.4269269253967834,-4.508805750952468,-5.754370101542232,-8.137346131173441,,0.7416316274963197,70.47545847393562,-15.668382235555175,,1.2.0-rc1,2026-10-10T10:03:33.692388+00:00
2026Q2,Finance/Rental/Leasing,False,Genel,Finance,WARNING,BORLS,,,,,-25.382938626702973,0.42162424636642626,0.4198857794932391,,,,8.232355100008958,-9.280428146662178,-46.40856714445968,,-26.326364254470626,13.999588495783799,40.898651623967936,0.46555689892335117,1.2.0-rc1,2026-10-10T10:03:33.692388+00:00
2026Q1,Agricultural Commodities/Milling,False,Genel,Process Industries,OK,BORSK,,0.6801504963021352,,,,2.4273536198101273,1.6130020624114134,0.11103852100392293,,0.8291953240186434,,,,,,,,,1.2.0-rc1,2026-10-10T10:03:33.692388+00:00
2026Q2,Textiles,False,Genel,Process Industries,OK,BOSSA,169.96813573737614,0.5859466883297396,,0.39763898252192753,0.285448173094126,2.2109680931681828,1.078389344652981,0.16807558013106738,,0.7459391352451874,15.853069521122093,8.909306774079942,0.6102563246095632,,-20.83545945482762,-91.52927455453396,22.185099639102905,4.6753961669394055,1.2.0-rc1,2026-10-10T10:03:33.692388+00:00
2026Q2,Automotive Aftermarket,False,Genel,Consumer Durables,OK,BRISA,48.611532110297325,0.7837642725941203,,1.8498495652748408,0.833027105982289,1.0486813294317332,0.7668362154083908,0.5544329457793484,,0.4676491429828314,24.514448234000987,9.755409951221736,0.9106979848408714,,3.626539442556065,-188.84951927359344,14.82585230607081,2.993174127313533,1.2.0-rc1,2026-10-10T10:03:33.692388+00:00
2026Q2,Home Furnishings,False,Genel,Consumer Durables,WARNING,BRKO,4.593782345551715,0.47693349536065915,,10.947545686803698,5.448962836906893,0.5537436083307552,0.44242490156470393,0.47312350174845935,,0.3531076398053612,49.55860538366228,14.614351850449268,69.48722812121592,,117.69433611247719,-421.39257592527565,-314.6718378742335,,1.2.0-rc1,2026-10-10T10:03:33.692388+00:00
2026Q2,Containers/Packaging,False,Genel,Process Industries,OK,BRKSN,35.67638996150935,0.6150999215779787,,1.9624579699861362,1.5885820769176544,3.1885594071240253,2.4037877239166376,0.03183481300084583,,0.7436345438200824,38.44871999374709,15.688376101380374,1.8840858257370672,,-3.248145051726725,-137.78343244310466,17.52854316655411,3.5205440799536363,1.2.0-rc1,2026-10-10T10:03:33.692388+00:00
2026Q2,Other Metals/Minerals,False,Genel,Non-Energy Minerals,OK,BRLSM,,1.4838447451632324,,-32.38858199513425,-8.62244205122473,1.1525025701258507,1.0415305209812722,0.749763765264535,,0.20934249432847968,13.382200608598877,8.024108929803445,-8.19545090160793,,38.8818605794708,-216.53771743143065,-1.989781744182546,,1.2.0-rc1,2026-10-10T10:03:33.692388+00:00
2026Q2,Textiles,False,Genel,Process Industries,OK,BRMEN,,63.463030071933765,,-619.8912330475855,-29.95559828278584,0.8316043326641782,0.2294830995833909,0.26709711391610985,,0.0735160067475121,48.41594528132235,-4.308037578410207,-15.633444252055387,,10.330531977618552,31.908967135745158,-11.33709020035189,,1.2.0-rc1,2026-10-10T10:03:33.692388+00:00
2026Q2,Steel,True,Genel,Non-Energy Minerals,OK,BRSAN,34.648507903963434,2.15258240361933,,6.928125581077824,3.119769382616262,1.1104015111219956,0.5157292747969873,0.3866340894379253,,0.4446230175529392,9.374793541043733,5.145651161064816,2.7357963654947097,,37.64671652534128,-896.4925016967925,8.223861047935813,11.526369601936606,1.2.0-rc1,2026-10-10T10:03:33.692388+00:00
2026Q2,Miscellaneous,True,Holding,Miscellaneous,OK,BRYAT,7.569577225483198,1.182565548209517,,17.137487127998533,16.188411978565,5.31940987941628,5.31940987941628,,,0.9381287582790138,,,,,77.13982022713066,85.52414440982676,,,1.2.0-rc1,2026-10-10T10:03:33.692388+00:00
2026Q2,Construction Materials,False,Genel,Non-Energy Minerals,WARNING,BSOKE,,0.7135918140289528,,-2.3465691958100576,-1.7060075420015814,0.9287443274182824,0.5910497559609894,0.21028208818573765,,0.7122798454776917,7.858161861118165,-8.636901157282258,-4.591674074610063,,5.705247197743479,44.271481235924924,6.396333406325954,23.81272276772498,1.2.0-rc1,2026-10-10T10:03:33.692388+00:00
2026Q2,Construction Materials,True,Genel,Non-Energy Minerals,WARNING,BTCIM,,0.47982114564998685,,-0.1727848213119714,-0.34809947214080766,0.9368772027220132,0.6480385997055071,0.22447395793107577,,0.5975260012039372,12.69307013334901,-0.17225407650502536,-0.7850808095326302,,-7.799859329831749,-97.06629534211008,7.917707644401439,9.114505481041947,1.2.0-rc1,2026-10-10T10:03:33.692388+00:00
2026Q2,Steel,False,Genel,Non-Energy Minerals,OK,BUCIM,,0.3980842899370039,,-2.533525776677868,-2.0425358914924683,1.8082958290069475,1.2696120849074994,0.3784598543520326,,0.5946276032987231,17.82058183774544,4.64070077423364,-3.858070131612764,,-0.4659500648834247,-338.3151092822681,-13.82268314381911,,1.2.0-rc1,2026-10-10T10:03:33.692388+00:00
2026Q2,Financial Conglomerates,False,Yatırım Ortaklığı,Finance,WARNING,BULGS,8.132185192296472,0.4639306618789967,,6.65913118292772,6.632392009059568,27.59540446302553,27.59540446302553,,,0.9944794885488337,,,,,-25.103991000594604,-47.67999833203482,,,1.2.0-rc1,2026-10-10T10:03:33.692388+00:00
2026Q2,Steel,False,Genel,Non-Energy Minerals,WARNING,BURCE,9.434325309546093,1.341160171134116,,17.334582447013133,11.15297052299741,1.929779271502444,1.3678032313935111,0.1070981440922725,,0.7159312235544322,9.998013937261042,-24.20862483402811,26.0058807992423,,-38.33398245060503,-548.6330558859245,-1.473484832897301,,1.2.0-rc1,2026-10-10T10:03:33.692388+00:00
2026Q2,Industrial Machinery,False,Genel,Producer Manufacturing,OK,BURVA,,42.63227327555306,,-32.75301502887374,-16.458321792727176,1.3053471857762906,0.6919936150051937,0.3288773947187609,,0.367506691900037,8.292291903884049,-14.339979353735563,-10.172102575781329,,-0.16936292033457034,60.37313464923799,-9.396711203307479,,1.2.0-rc1,2026-10-10T10:03:33.692388+00:00
2026Q2,Trucks/Construction/Farm Machinery,False,Genel,Producer Manufacturing,WARNING,BVSAN,,1.0568696025846662,,-1.46808270504003,-1.2152046568551353,1.2792210925145997,0.6113671966553083,0.31499320366568306,,0.42679364381542517,23.512371139134284,9.044707806045468,-1.7570425155359046,,1.0647731516811643,-106.16870732571653,-1.5277071540304752,,1.2.0-rc1,2026-10-10T10:03:33.692388+00:00
2026Q2,Restaurants,False,Genel,Consumer Services,OK,BYDNR,,1.182330490154276,,-1.9629183487889632,-0.9782107117002272,0.648960782506131,0.45179586097937036,0.5530681360399843,,0.49290601215345375,10.703260294017188,-2.854521108132758,-0.6263050297493186,,1.3824661115637626,-84.48037562581159,3.096825981129123,13.697385459395846,1.2.0-rc1,2026-10-10T10:03:33.692388+00:00
2026Q2,Electric Utilities,True,Genel,Utilities,WARNING,CANTE,,0.34356213776844696,,-8.40278943469748,-6.425380728137848,2.913168999713499,2.2281571405905893,0.01716226413091176,,0.9210955870419834,1.6753757432765477,-16.155535199559356,-27.349329493085833,,-7.722102932601449,-20.8591969555883,18.99856843576651,7.483488584363582,1.2.0-rc1,2026-10-10T10:03:33.692388+00:00
2026Q2,Wholesale Distributors,False,Genel,Distribution Services,OK,CASA,,,,,-93.55193134279091,0.028936861633948145,0.028936861633948145,,,,13.24402726916864,-9.328508010232357,-10.512167868020093,,,2711.4331815927526,-5.425916542477988,,1.2.0-rc1,2026-10-10T10:03:33.692388+00:00
2026Q2,Electric Utilities,False,Genel,Utilities,WARNING,CATES,2.4637149076187757,0.35824811488021885,,17.66449751949111,15.657177292202206,4.71684451218594,4.120756592193078,0.011375305540897706,,0.8821197341402008,-2.4871435035677845,-5.578856325288899,24.19510474175371,,14.903860653300782,-146.63483709957248,5.816600607202295,10.248226458912374,1.2.0-rc1,2026-10-10T10:03:33.692388+00:00
2026Q2,Beverages: Non-Alcoholic,True,Genel,Consumer Non-Durables,OK,CCOLA,10.64792083266901,2.558977111261285,,28.577964020044238,10.5451389010593,1.127249027998417,0.8283819874356891,0.6332377198457292,,0.3815148857234219,37.717076311040884,15.468068041197283,9.725204289153451,,11.837793289566601,32.82860621641031,9.839977933348663,10.3792618555856,1.2.0-rc1,2026-10-10T10:03:33.692388+00:00
2026Q2,Steel,False,Genel,Non-Energy Minerals,WARNING,CELHA,,2.8371108628370214,,-17.946886148650716,-11.570428984989428,0.9321814356846363,0.6007039042295151,0.09063961139727758,,0.726495155456025,7.282712447021947,-11.896675770489187,-28.58025853026147,,-3.037567916379702,-7.841036299460413,-15.78225138936574,,1.2.0-rc1,2026-10-10T10:03:33.692388+00:00
2026Q2,Steel,False,Genel,Non-Energy Minerals,OK,CEMAS,,0.62402525845115,,-31.597696151043227,-24.696632825972586,2.028805128116087,1.642513210858895,0.16825673018939144,,0.7776276975129901,-35.79424127652254,-40.88741314724075,-68.63289302608098,,-20.74688573341864,51.48668414852799,-1.987645182818481,,1.2.0-rc1,2026-10-10T10:03:33.692388+00:00
2026Q2,Steel,False,Genel,Non-Energy Minerals,OK,CEMTS,,0.5265711301743095,,-4.951430244345917,-3.8366603997490185,4.742259757343661,3.3094921713963554,0.24801460223967103,,0.7476779478512946,15.090857226580045,8.019416046645901,-4.677717673836032,,-6.370339348710141,505.6409578822379,-1.1220862452938867,,1.2.0-rc1,2026-10-10T10:03:33.692388+00:00
2026Q2,Food: Specialty/Candy,False,Genel,Consumer Non-Durables,OK,CEMZY,,3.203708834945855,,-10.499896004705281,-8.588060515570808,4.0885441514726715,2.158541914253741,0.16905528754818672,,0.7876517411962289,23.462986327529705,20.280578790792728,-13.279764797894323,,-3.0119337647284583,11.456425154660765,13.832591215180804,32.251105787591584,1.2.0-rc1,2026-10-10T10:03:33.692388+00:00
2026Q2,Movies/Entertainment,False,Genel,Consumer Services,OK,CEOEM,12.52583293725857,1.6492895962026595,,15.85806803864918,6.884708191741616,1.7564629826528422,1.7564629826528422,0.0016946056347363137,,0.4383507298299192,15.240062435786909,9.925729480502198,5.923762701155093,,18.27218226242038,-345.7277746992376,13.042996785573537,5.688881410804509,1.2.0-rc1,2026-10-10T10:03:33.692388+00:00
2026Q2,Home Furnishings,False,Genel,Consumer Durables,WARNING,CGCAM,13.381196721746015,0.6306928067580809,,5.476553413389588,4.192979025621376,2.709917205106498,1.9899411322932363,0.08696780277729489,,0.7530061908025459,25.193045429137218,12.652885066618003,9.248045418663944,,-14.578044048754634,4.521357826168693,-10.388667440887325,,1.2.0-rc1,2026-10-10T10:03:33.692388+00:00
2026Q2,Construction Materials,True,Genel,Non-Energy Minerals,OK,CIMSA,8.99316276573987,1.043694764606379,,13.072352845853654,5.8001116502986285,0.8785569546824572,0.5830797563873734,0.8304691487318229,,0.37657305070271885,19.18094609503287,9.955990345622014,9.943582417581599,,9.36281484083883,67.61975378458371,-1.9767763900916204,,1.2.0-rc1,2026-10-10T10:03:33.692388+00:00
2026Q2,Food Retail,False,Genel,Retail Trade,OK,CITAS,,3.7679098889215097,,,,3.723604547882003,1.5547073585453726,0.11177741208904737,,0.7414245019247241,,,,,,,,,1.2.0-rc1,2026-10-10T10:03:33.692388+00:00
2026Q2,Other Transportation,False,Genel,Transportation,OK,CLEBI,7.9627370462239,4.634374996383975,,66.35883374108879,17.568783401548625,1.267192387169449,1.240988910938429,1.53518042123065,,0.2994976509493174,33.69651627852313,23.178521050565386,16.46191806823751,,-2.0451799620877176,-7.05208884282057,7.66482302189861,17.53945937961202,1.2.0-rc1,2026-10-10T10:03:33.692388+00:00
2026Q2,Construction Materials,False,Genel,Non-Energy Minerals,OK,CMBTN,,8.842726039999894,,-89.41594609008351,-10.580524609979438,0.6743369395849781,0.6538137338651354,1.4685194371667214,,0.07749512742265584,-2.7696632514396877,-7.264427446703796,-5.986393976950834,,-25.711901695756588,19.823173868436683,12.827319928799538,3.4740544796870694,1.2.0-rc1,2026-10-10T10:03:33.692388+00:00
2026Q2,Construction Materials,False,Genel,Non-Energy Minerals,WARNING,CMENT,20.60455237982487,1.1163550991737679,,6.415936443918685,4.958807938856792,1.9255891329757737,1.465657434781888,0.022590757596826473,,0.5822202214530872,18.16389305510602,8.61895955234473,7.681754708715251,,-12.508652696025123,24.291821645291932,3.9481166950325752,29.07254756097265,1.2.0-rc1,2026-10-10T10:03:33.692388+00:00
2026Q2,Electric Utilities,False,Genel,Utilities,OK,CONSE,16.468915228878853,0.6006629721301295,,3.9160854160903793,0.7576871028852686,0.6840278763091242,0.6230373136504054,3.135528710531462,,0.2157693106157102,11.270291245245861,-1.801516330577368,3.8608123528599223,,-16.098172819167477,-70.63760150552325,-90.46156824526473,,1.2.0-rc1,2026-10-10T10:03:33.692388+00:00
2026Q2,Wholesale Distributors,False,Holding,Distribution Services,OK,COSMO,,4.8873982062032795,,-37.90000606656822,-13.720769235268914,1.7229066798459263,1.298605993829987,,,0.35187084775669336,,,,,-22.44034424792619,-225.15448827474836,,,1.2.0-rc1,2026-10-10T10:03:33.692388+00:00
2026Q2,Food Retail,False,Genel,Retail Trade,WARNING,CRFSA,,,,,-18.625730295076,0.41777035092466663,0.169638251339235,,,,22.939137840427147,-8.429737129974802,-7.538565832945977,,-4.637870798838861,5.522200083427942,2.2369782526728126,13.441584883705358,1.2.0-rc1,2026-10-10T10:03:33.692388+00:00
2026Q2,Aluminum,False,Genel,Non-Energy Minerals,OK,CUSAN,,2.0179898026085423,,-40.655175879573534,-10.004612650109646,0.48131214879380557,0.2511916617464131,2.821954984791679,,0.1278081037247064,8.413749872778618,-13.959318152557735,-20.45176030050996,,-25.604563476181408,-46.82295889693149,2.95319016679127,19.94853942232081,1.2.0-rc1,2026-10-10T10:03:33.692388+00:00
2026Q2,Other Metals/Minerals,True,Genel,Non-Energy Minerals,OK,CVKMD,203.8591836461832,4.171673471228124,,2.4855875000713756,0.5031407396609634,0.2532120942764136,0.18864151613797978,0.33915630785107814,,0.46841058571975475,31.875242548484824,15.199392535908041,2.590868751092189,,4.215530190013128,-84.92597642172387,-65.57231768710511,,1.2.0-rc1,2026-10-10T10:03:33.692388+00:00
2026Q2,Semiconductors,True,Savunma/Teknoloji,Electronic Technology,OK,CWENE,6.390535900646998,1.1599895694467044,,22.384558466042133,10.084336799759193,1.1467582890901176,0.8868789469228631,0.5586734165376437,,0.4287608613558459,27.345734373476432,16.31459602744605,15.530669722521392,,27.591393819212495,374.668681178161,-14.445191099138702,,1.2.0-rc1,2026-10-10T10:03:33.692388+00:00
2026Q2,Apparel/Footwear,False,Genel,Consumer Non-Durables,OK,DAGI,,1.2243212427925239,,-5.421926103333682,-2.0946964402500483,1.0164112000605516,0.35293911566136044,1.3492582038312684,,0.36472946162707015,52.24032711415023,1.5040396301504901,-2.2302304066463203,,23.40649721613335,-72.0120302664524,10.059351850346392,5.515209969750316,1.2.0-rc1,2026-10-10T10:03:33.692388+00:00
2026Q2,Real Estate Development,False,Genel,Finance,OK,DAPGM,10.198852822708371,0.4794600782905172,,5.462316214619154,2.6107961818252274,2.370957561171395,1.954649434865086,0.15556516327449074,,0.48242668685829265,76.4851385965302,71.07682129272017,8.522352967563048,,-0.8820075242484515,-30.96006772563109,1.7330076703655364,50.154552172878816,1.2.0-rc1,2026-10-10T10:03:33.692388+00:00
2026Q2,Food: Meat/Fish/Dairy,False,Genel,Consumer Non-Durables,OK,DARDL,,0.37907420208066717,,-23.203559497632256,-11.459452002241566,0.7929840327351773,0.5869820931619353,0.8362085563861347,,0.4511876681402597,31.185389003926183,3.3696924970947215,-10.296476200974235,,1.3548818140994845,62.12305549683299,-14.2434931594664,,1.2.0-rc1,2026-10-10T10:03:33.692388+00:00
2026Q2,Wholesale Distributors,False,Genel,Distribution Services,OK,DCTTR,,1.3003394327970952,,-30.842890403550193,-17.499443304431157,3.3555236719353356,3.0055957865240703,0.4544859857879813,,0.5986098708048057,7.413099231354731,-9.432104025408405,-25.20417052453037,,-72.10175079146293,2289.1815088875264,6.342938649620428,17.26564953212736,1.2.0-rc1,2026-10-10T10:03:33.692388+00:00
2026Q2,Investment Managers,False,Holding,Finance,OK,DENGE,,0.7097806268667917,,-20.323756312927298,-11.35607988941419,0.6468232561333824,0.5603489348214066,,,0.3966915902568741,,,,,-26.20466746606359,-64.18082425389933,,,1.2.0-rc1,2026-10-10T10:03:33.692388+00:00
2026Q2,Apparel/Footwear,False,Holding,Consumer Non-Durables,WARNING,DERHL,,0.8042429469446183,,-0.3232632727569087,0.10078689689632042,1.4471837743344178,0.7605350660474677,,,0.3271862479292087,,,,,-3.164133612947062,-120.35645397781485,,,1.2.0-rc1,2026-10-10T10:03:33.692388+00:00
2026Q2,Apparel/Footwear,False,Genel,Consumer Non-Durables,WARNING,DERIM,12.086704022199982,1.8574736396092166,,18.71061385008701,7.01596042641577,1.7408576369396347,1.4633824376254319,0.0,,0.3932514151943631,15.45925146208085,4.5024358508765,2.406236203547323,,-9.064708380884955,-5.871551553809717,-1.0606287945629118,,1.2.0-rc1,2026-10-10T10:03:33.692388+00:00
2026Q2,Apparel/Footwear,False,Genel,Consumer Non-Durables,OK,DESA,7.455202564397018,0.8934078302070345,,14.007024233961008,10.450997441146567,3.3523497418712256,1.877434633354109,0.08569542759490797,,0.7479766755968392,60.00292732776019,16.11408597104634,12.84732773466015,,-4.826328358607224,8.613909715088287,15.649337487886447,6.120350509868324,1.2.0-rc1,2026-10-10T10:03:33.692388+00:00
2026Q2,Electronics Distributors,False,Genel,Distribution Services,WARNING,DESPC,,1.7009081000558035,,-31.744544627525794,-5.154563525029597,1.2449430862188031,0.8822695369670326,0.02420145586934278,,0.20534142416092496,7.742870136959236,8.457844676220667,-1.7298745351833966,,-42.583836238670735,-5776.6480887801445,3.6103755778583713,2.5702836613902966,1.2.0-rc1,2026-10-10T10:03:33.692388+00:00
2026Q2,Pharmaceuticals: Major,False,Genel,Health Technology,OK,DEVA,,0.5445361386406731,,-3.9756807701480956,-2.9105145240814596,2.1018167851545617,1.3108521873432826,0.19884497341635773,,0.7185010870166959,37.70466047840205,8.32739019414615,-4.743661570594938,,4.495618271719115,-795.6275395728442,9.635275308228405,7.5534336304250616,1.2.0-rc1,2026-10-10T10:03:33.692388+00:00
2026Q2,Electronics Distributors,False,Genel,Distribution Services,OK,DGATE,15.112955500737488,4.396871254021739,,37.849519548599574,1.162682638658699,1.0463981749792834,0.8164432185503369,0.07035278328858695,,0.06222257321466517,7.456211644927866,6.326338911958562,0.2943234330838444,,32.935617045355016,-209.89777837424649,1.9421352831703556,4.789195934579897,1.2.0-rc1,2026-10-10T10:03:33.692388+00:00
2026Q2,Real Estate Investment Trusts,False,GYO,Finance,OK,DGGYO,383.69420560469126,0.5921497894728174,,0.17579841513388136,0.12374226075142448,0.14567105034916875,0.14567105034916875,,,0.6997115325717743,,,,,12.582246805650076,-91.4402642818531,,,1.2.0-rc1,2026-10-10T10:03:33.692388+00:00
2026Q2,Home Furnishings,False,Genel,Consumer Durables,OK,DGNMO,,0.8484594611128391,,-68.89621255676846,-11.48010590571599,0.374899062596913,0.1924594932271637,4.379521179040307,,0.11618360073219564,22.47837487119908,-9.490537135236107,-10.935976130422159,,-18.13654332468484,-40.08303422428218,5.533629125082891,1.9043869929354693,1.2.0-rc1,2026-10-10T10:03:33.692388+00:00
2026Q2,Textiles,False,Genel,Process Industries,WARNING,DIRIT,,,,,-36.223570958151576,0.5121569397089838,0.5121569397089838,,,,-1.4205045107149163,-311.63248847151647,-1167.0514861667043,,-47.66339613863344,-85.98585545564883,-430.4610296384032,,1.2.0-rc1,2026-10-10T10:03:33.692388+00:00
2026Q2,Auto Parts: OEM,False,Genel,Producer Manufacturing,OK,DITAS,,1.1095856515141762,,-32.76324150481153,-8.162500893729062,0.5862153947923942,0.34577468606630535,0.2583546117361572,,0.36252240236164285,8.668077513476085,-8.689945147381271,-8.739919997249485,,3.594013466552015,-60.46157657154505,42.68228220315304,1.3862411553387637,1.2.0-rc1,2026-10-10T10:03:33.692388+00:00
2026Q2,Food: Specialty/Candy,False,Genel,Consumer Non-Durables,OK,DMRGD,54.34535363194235,5.000414192015494,,9.698908747043184,7.144937096011518,2.093601286038162,1.786250071688962,0.030358224944422127,,0.7146802834657348,48.292309396124075,18.956166704169355,12.03795728179613,,28.66020279384136,0.9694182411748242,9.071486550472976,72.11685117378218,1.2.0-rc1,2026-10-10T10:03:33.692388+00:00
2026Q2,Metal Fabrication,False,Genel,Producer Manufacturing,OK,DMSAS,,0.8480964727037283,,-9.024240235978084,-4.189440157515742,0.8279417770455524,0.5928557911922774,0.5542189905795023,,0.4805794456540459,8.86151564204218,-0.7914450151969236,-3.551862519777255,,-19.56723839006188,-39.698795163666,19.639591737800515,1.8653913177123818,1.2.0-rc1,2026-10-10T10:03:33.692388+00:00
2026Q2,Industrial Specialties,False,Genel,Process Industries,OK,DNISI,41.33144480245381,1.3482815705748596,,3.766756286719661,3.0778271723396853,3.968767195925467,3.1377604634888927,0.07132343194478895,,0.8321289273322243,11.04222826752425,-0.17151036207959366,8.228355206821982,,5.618978097210703,-141.43838545905157,74.58771582950646,4.559595440931958,1.2.0-rc1,2026-10-10T10:03:33.692388+00:00
2026Q2,Specialty Stores,True,Genel,Retail Trade,WARNING,DOAS,11.668163707853052,0.3848598546378236,,3.6374768422180828,1.717343112305417,1.2963368868596936,0.5504487217757448,0.45384948432532435,,0.48482321174088805,12.090509148046097,3.5166439712732775,0.857141514950678,,-2.2451486424848732,-62.212864454821506,-2.3048149692705344,,1.2.0-rc1,2026-10-10T10:03:33.692388+00:00
2026Q2,Steel,False,Genel,Non-Energy Minerals,OK,DOFER,27.80461361516345,0.7316667824612965,,3.197411006366757,1.6114322289573053,1.1824230248747027,1.038180717861261,0.3301983369537185,,0.4820504003520829,4.4600430430120745,2.1673231939786515,0.49871070973864245,,46.98282014487911,-134.76046866040647,-2.09759559155545,,1.2.0-rc1,2026-10-10T10:03:33.692388+00:00
2026Q2,Industrial Machinery,False,Genel,Producer Manufacturing,OK,DOFRB,33.516813452145634,5.0012328092651535,,25.557977272700178,12.224416600643945,2.1617787702282025,2.02837848086878,0.47841459723952556,,0.5789753001073943,65.70117888002132,19.77820246410465,25.25334590481717,,85.22076234756359,95.39033503991874,-136.8092681831172,,1.2.0-rc1,2026-10-10T10:03:33.692388+00:00
2026Q2,Construction Materials,False,Genel,Non-Energy Minerals,OK,DOGUB,,13.121691842124411,,-54.672588266459854,-19.742536288879382,0.5293304763606185,0.13445100926266249,0.0,,0.2828757171823168,-8.349751004150942,-47.50924989448253,-60.09470220527976,,-15.38292746269011,-38.10093009697986,15.263543421104636,84.31567944094864,1.2.0-rc1,2026-10-10T10:03:33.692388+00:00
2026Q2,Specialty Stores,True,Holding,Retail Trade,OK,DOHOL,6.968365023681409,0.4663523987628515,,7.587424966409372,3.9808857245469476,1.5919224254906525,1.4850468690378515,,,0.43317140665961146,,,,,-18.908764322251738,154.30892135258802,,,1.2.0-rc1,2026-10-10T10:03:33.692388+00:00
2026Q2,Auto Parts: OEM,False,Genel,Producer Manufacturing,OK,DOKTA,,0.6899335476604799,,-6.748572987203712,-2.3513149642904305,0.48333326097278534,0.17805299879231276,1.3070542126566662,,0.34688226923261345,15.279660523871266,4.6609356909876265,-2.5821633308733474,,15.035368232612445,-56.56655598309355,5.105324636035918,5.512165392434562,1.2.0-rc1,2026-10-10T10:03:33.692388+00:00
2026Q2,Food: Specialty/Candy,False,Holding,Consumer Non-Durables,OK,DUNYH,1.5495741893432797,0.5220894835070904,,51.3468216371883,47.54387000428651,67.66943805398431,67.66943805398431,,,0.9244689957279743,,,,,131.92061997156966,27.322139046649284,,,1.2.0-rc1,2026-10-10T10:03:33.692388+00:00
2026Q2,Containers/Packaging,False,Genel,Process Industries,OK,DURDO,,1.944331531045282,,-9.923419853889657,-4.857877098718101,1.0269841537785973,0.7281939125295616,0.6668958239231465,,0.47262379268473487,22.110927848931478,2.158126596311432,-5.094430164874948,,4.225463289141462,-36.04360247194636,9.725102938122202,11.242996195167818,1.2.0-rc1,2026-10-10T10:03:33.692388+00:00
2026Q2,Food: Specialty/Candy,False,Genel,Consumer Non-Durables,OK,DURKN,,0.5144214407916231,,-0.004480483418715868,-0.002618532228191869,2.1052174775945107,0.8056264812968289,0.553193514752919,,0.5987173689195924,44.74940372672235,15.697211955344544,-0.00864688849424334,,10.846374460509889,-100.0602225621835,-16.286359415848615,,1.2.0-rc1,2026-10-10T10:03:33.692388+00:00
2026Q2,Industrial Specialties,False,Genel,Process Industries,OK,DYOBY,16.27892776779674,0.3490409228421944,,2.4763036443081017,0.9871761014160492,0.6727704713379065,0.5046471879495023,0.7192853530745348,,0.4146971737435012,32.60878636698199,7.50267897244516,1.6891487545957404,,-12.592160102582305,-118.82243041532479,7.732610565223862,3.5560475124395223,1.2.0-rc1,2026-10-10T10:03:33.692388+00:00
2026Q2,Real Estate Investment Trusts,False,GYO,Finance,OK,DZGYO,10.253316710848804,0.4669902019523366,,5.2881280178627454,4.2692525281790425,2.550718735670349,0.4506096413461181,,,0.7791685165653597,,,,,-60.01907875619301,-44.29361909952287,,,1.2.0-rc1,2026-10-10T10:03:33.692388+00:00
2026Q2,Apparel/Footwear Retail,False,Genel,Retail Trade,WARNING,EBEBK,25.028465383241933,2.3270343278882155,,10.72004953879026,3.0419245697101247,1.1009150059230501,0.5085834533990502,0.7546851046923182,,0.3051256315300108,36.014673238479425,2.0415837080140125,1.3496213247588635,,23.532781249255773,-961.9425005242296,7.980990753130279,4.702193701440186,1.2.0-rc1,2026-10-10T10:03:33.692388+00:00
2026Q2,Pharmaceuticals: Major,True,Holding,Health Technology,WARNING,ECILC,,0.6203942578108396,,-3.1945135203052755,-2.5870979733373023,1.4723158324946601,1.0087154456886394,,,0.8107901773275465,,,,,-7.161998458914576,-152.67532068264592,,,1.2.0-rc1,2026-10-10T10:03:33.692388+00:00
2026Q2,Alternative Power Generation,False,Genel,Utilities,OK,ECOGR,30.26658745836332,0.6435383596052856,,2.4782350405817217,1.2015216538581919,0.78797254751273,0.7684289222849704,0.5450568329256219,,0.4900718351515813,30.950606035311466,18.73627863207895,6.5869388234312165,,-14.298036437507688,-48.60093780405676,56.003088611150964,3.5598779447063147,1.2.0-rc1,2026-10-10T10:03:33.692388+00:00
2026Q2,Financial Conglomerates,True,Holding,Finance,OK,ECZYT,,0.7337588263371573,,-1.6230017577694489,-1.5849291207449883,16.850612111255014,16.850612111255014,,,0.9755077965660088,,,,,,-132.41028216921268,,,1.2.0-rc1,2026-10-10T10:03:33.692388+00:00
2026Q2,Miscellaneous Commercial Services,False,Genel,Commercial Services,OK,EDATA,,1.7745056523166947,,-13.759532571620412,-9.83724314478988,3.937635388094016,2.9129251024957785,0.018551374681350635,,0.757955036887207,10.742386405731434,6.675646096348635,-4.660807929406404,,17.732295208185533,12.469877388003603,1.935040814951148,33.46366733566994,1.2.0-rc1,2026-10-10T10:03:33.692388+00:00
2026Q2,Real Estate Development,False,Genel,Finance,OK,EDIP,5.5740331905591125,0.22420899018042412,,4.660430161251631,3.8774916874241123,1.0959211591162237,1.0932344831260343,0.15499857180837676,,0.856650546266193,54.38395825075245,93.3476888070907,36.62705688202574,,5.715702560956282,-77.26659471114851,39.47534516650691,5.171846626590845,1.2.0-rc1,2026-10-10T10:03:33.692388+00:00
2026Q2,Food: Major Diversified,False,Genel,Consumer Non-Durables,WARNING,EFOR,2656.098269138087,6.832196627915403,,0.27798499619013084,0.11287204006596113,1.1578214690640736,0.4976139144518698,0.629425097798717,,0.3884179421436482,17.48935832877328,9.20361102813179,0.09317226109724576,,12.342169728272111,-96.49637559279184,-3.133307852628797,,1.2.0-rc1,2026-10-10T10:03:33.692388+00:00
2026Q2,Auto Parts: OEM,True,Genel,Producer Manufacturing,OK,EGEEN,,1.771420269696225,,-3.5279654900830826,-2.7541197321113136,3.483121374622565,2.514496908277203,0.16858101323061445,,0.8020504392266742,16.874101456460114,5.587540587386014,-6.0352716845447905,,-26.840661219532823,-148.37052711669028,17.83791081580295,19.05960253046934,1.2.0-rc1,2026-10-10T10:03:33.692388+00:00
2026Q2,Real Estate Development,False,GYO,Finance,OK,EGEGY,2.7959165367222845,1.3243349272576161,,66.89917669141543,16.680600709269942,1.3325336555930893,0.21642437288505897,,,0.35928118202723713,,,,,816.0925214287975,285.5942204250593,,,1.2.0-rc1,2026-10-10T10:03:33.692388+00:00
2026Q2,Hospital/Nursing Management,False,Genel,Health Services,INFO,EGEPO,,1.3416639423834227,,-2.9561601327369145,-2.3794036452543486,1.8535959686728016,1.8037480191933242,0.018721333763367147,,0.7894152772672741,13.979124104182322,5.370004590645697,-3.179278038912629,,15.024925730467409,5022.375275234275,-2.485628251805235,,1.2.0-rc1,2026-10-10T10:03:33.692388+00:00
2026Q2,Chemicals: Agricultural,True,Genel,Process Industries,OK,EGGUB,12.424840317018038,0.9590537416142005,,9.016978347079782,7.287469051227763,1.749999186667809,1.7351595162046198,0.13360365795245427,,0.8042769349306953,56.655720460470185,42.47842093475666,17.952459092552232,,17.24805664046276,30.89056602588862,11.442592563562988,19.493522668372,1.2.0-rc1,2026-10-10T10:03:33.692388+00:00
2026Q2,Industrial Specialties,False,Genel,Process Industries,OK,EGPRO,11.11107325689121,1.7479258343192658,,18.519952378543497,10.45750452132668,1.3805858247123528,1.092464263912652,0.08873756834565184,,0.5691363048680955,37.20595998550405,19.641416612652026,10.84745539773789,,8.739024646926886,60.553252447426466,5.909355818750311,20.395940821958202,1.2.0-rc1,2026-10-10T10:03:33.692388+00:00
2026Q2,Building Products,False,Genel,Producer Manufacturing,WARNING,EGSER,,0.8633502729008177,,-35.731805901271414,-12.131309342958765,0.9614945651191267,0.6985205611480714,1.2224733163994699,,0.2733470221118346,16.825097735890225,-3.6109852650581855,-13.303390435347803,,30.0787447988492,-53.885462453586605,-16.78252853821194,,1.2.0-rc1,2026-10-10T10:03:33.692388+00:00
2026Q2,Steel,False,Genel,Non-Energy Minerals,OK,EKDMR,19.102735243824974,0.5824420365083106,,6.097996219641761,3.988448999298673,1.3138829346344634,0.6894920077527592,0.22597180483882293,,0.6540589491432947,7.350644753403801,3.278869259407506,1.9143466728220433,,,,-6.600998100040459,,1.2.0-rc1,2026-10-10T10:03:33.692388+00:00
2026Q2,Real Estate Investment Trusts,True,GYO,Finance,OK,EKGYO,,0.47089020450406255,,-1.6779379506990364,-0.713565663306905,2.182151699895309,0.5438829987204788,,,0.3643129735871897,,,,,-10.071897004305674,-108.56812448532096,,,1.2.0-rc1,2026-10-10T10:03:33.692388+00:00
2026Q2,Finance/Rental/Leasing,False,Genel,Finance,OK,EKIM,,,,-8.131480793822355,-4.272459189491809,0.5724384524704456,0.3740019588622776,0.5938931887036776,,0.5254220353982366,10.171525151324271,5.582520186630633,-5.665566732288594,,,,31.657427174101837,,1.2.0-rc1,2026-10-10T10:03:33.692388+00:00
2026Q2,Agricultural Commodities/Milling,False,Genel,Process Industries,OK,EKIZ,,1.312289635818391,,-19.14260206771822,-15.69131877625518,0.34342713373606254,0.34342713373606254,0.0,,0.7742593530470889,2.7928656740814155,-5.113552502617293,-19.990648376182403,,-33.991512142326016,-2961.5941502076876,-25.84395254708957,,1.2.0-rc1,2026-10-10T10:03:33.692388+00:00
2026Q2,Electrical Products,False,Genel,Producer Manufacturing,OK,EKOS,,1.0551305711000145,,-17.616772080363212,-10.550659392643091,2.0041659755844012,1.0861162156647917,0.3098487875996658,,0.5838609481412842,10.648750528986602,-5.464057222052386,-19.20191317558656,,-22.37041928990342,-365.72890793673787,-26.124681012201517,,1.2.0-rc1,2026-10-10T10:03:33.692388+00:00
2026Q2,Agricultural Commodities/Milling,False,Genel,Process Industries,OK,EKSUN,,0.9863828281101555,,-6.895873496636799,-3.1767324453837937,1.3092852369255232,0.881991229717022,0.8053625163515397,,0.4415581833013686,11.612544402201976,1.7241073032810486,-1.295234651404566,,-5.465894910743774,-75.3042355470679,-8.911802791318097,,1.2.0-rc1,2026-10-10T10:03:33.692388+00:00
2026Q2,Food: Specialty/Candy,False,Genel,Consumer Non-Durables,OK,ELITE,24.476878217689436,0.9721322889498807,,4.6971622596896285,3.6640810014861107,2.9432513483475566,2.1126293876094846,0.09700727193903491,,0.7600678284013515,39.41084963624385,16.666193201471266,3.812197648556436,,18.147162691017172,-71.28249844741174,-5.494566737984174,,1.2.0-rc1,2026-10-10T10:03:33.692388+00:00
2026Q2,Industrial Machinery,False,Genel,Producer Manufacturing,OK,EMKEL,,1.1750797290594126,,-26.03206582817644,-10.158106927362846,1.3214853433618536,0.7849838412977352,0.48278086985825647,,0.3768445582557324,31.915859616798294,9.179098254714106,-19.717572494635025,,14.75901403971367,-3746.9818160308855,15.538063192643897,5.8980561117622265,1.2.0-rc1,2026-10-10T10:03:33.692388+00:00
2026Q2,Containers/Packaging,False,Genel,Process Industries,OK,EMNIS,39.962664715109554,2.991401297857075,,8.801953652818915,5.011481831974059,2.3985503155393393,1.6439433506905936,0.0,,0.6027740310747163,17.417456604347496,3.5231686886563187,3.739882365143675,,-0.25335997854706305,-188.93973144470505,0.040978117922207985,3647.206670543317,1.2.0-rc1,2026-10-10T10:03:33.692388+00:00
2026Q2,Electronic Production Equipment,False,Savunma/Teknoloji,Electronic Technology,OK,EMPAE,111.51707534175718,4.022017663903815,,7.213276803714355,4.736689941782971,2.8585085002515096,2.3016846773708903,0.07147869722852722,,0.6566627166371728,19.897943509761475,11.464775620199989,1.408103198448567,,,,-7.132848582791075,,1.2.0-rc1,2026-10-10T10:03:33.692388+00:00
2026Q2,Financial Conglomerates,False,Holding,Finance,OK,ENDAE,,0.4262704104603874,,-4.721271575853973,-4.306923690114182,5.126016310778619,5.073784746136736,,,0.6687842661258774,,,,,-20.62431523493865,-34.5911929031456,,,1.2.0-rc1,2026-10-10T10:03:33.692388+00:00
2026Q2,Gas Distributors,True,Genel,Utilities,OK,ENERY,22.292504628733983,1.9224985306217381,,10.25281835076183,6.062365797722777,0.5406013900656295,0.5240639059751909,0.0535854247524052,,0.5349719162713772,13.564895757349518,14.624692526140059,14.751355041751948,,10.947098004882916,18.551597697290777,8.140593007626551,35.623244081725296,1.2.0-rc1,2026-10-10T10:03:33.692388+00:00
2026Q2,Electric Utilities,True,Genel,Utilities,OK,ENJSA,19.577480517708974,1.2292134696798491,,7.124240914469658,2.8690625701728925,0.8583385488436447,0.7876699232806378,0.862976066971283,,0.3932536627317165,27.053073275783778,16.960989557313084,2.574808071974581,,-3.3673058185886173,-353.6133820686744,3.432839566474856,14.684127786864746,1.2.0-rc1,2026-10-10T10:03:33.692388+00:00
2026Q2,Engineering & Construction,True,Genel,Industrial Services,OK,ENKAI,10.7601242234402,1.1916056751711064,,12.308052141323927,10.162606542843577,2.933586899283761,2.672853941648012,0.018464396025371477,,0.7567367010999909,21.414717070024174,16.043524528485047,24.215737894751307,,32.85949119354068,23.505793430425868,14.231665075480308,16.80304025130669,1.2.0-rc1,2026-10-10T10:03:33.692388+00:00
2026Q2,Regional Banks,False,Banka,Finance,WARNING,ENPRA,,,,,5.804637646583231,,,,,0.07496910113290324,,,,,,788.8152967846553,,,1.2.0-rc1,2026-10-10T10:03:33.692388+00:00
2026Q2,Consumer Sundries,False,Genel,Consumer Non-Durables,OK,ENSRI,,1.0166184914257255,,-5.782344953973887,-3.5653712347074893,1.695337206568826,0.34631840459012275,0.2505375108395277,,0.6066701636589992,17.821218971041674,-3.2196556177429976,-15.995245572833905,,-29.71616011605489,-132.12530889847844,28.143074010320813,11.123131655125274,1.2.0-rc1,2026-10-10T10:03:33.692388+00:00
2026Q2,Alternative Power Generation,True,Genel,Utilities,OK,ENTRA,,0.39172354906680007,,-3.4213209621015683,-2.4469507142279725,0.20890790018907107,0.20890790018907107,0.2675354708751915,,0.744284587567876,16.284562658966433,6.535194474474627,-33.74580957841474,,-23.1537641585977,66.35756934035425,65.90238834035014,7.129213342034902,1.2.0-rc1,2026-10-10T10:03:33.692388+00:00
2026Q2,Miscellaneous Manufacturing,False,Genel,Producer Manufacturing,OK,EPLAS,,0.26337230064410283,,-2.903358611761898,-1.9184735458798892,0.550442465432175,0.23257574596985667,0.055611744390502225,,0.657769089376077,19.140696087515146,-2.978984307983313,-3.6561384658952636,,25.84470671354504,-73.66800492859457,38.56616839997205,0.9785753847396097,1.2.0-rc1,2026-10-10T10:03:33.692388+00:00
2026Q2,Steel,False,Genel,Non-Energy Minerals,WARNING,ERBOS,,0.5885463648968411,,-1.9064228529963885,-1.2847658142847032,2.4060492221786784,1.311354538141794,0.3064804760328401,,0.6697759056717101,13.573341677877321,14.029621048005234,-1.0287695648761104,,-1.5972955585173865,-86.78169591350897,5.285552867444995,6.951929900838121,1.2.0-rc1,2026-10-10T10:03:33.692388+00:00
2026Q2,Steel,False,Genel,Non-Energy Minerals,WARNING,ERCB,,0.5142644659041467,,-19.584282550184465,-4.233692891242251,1.7812718272708317,1.6965198603607434,1.5346144893627334,,0.2853342832914176,20.843504815831043,-6.8300653860961695,-9.350354448004735,,-25.148901011939685,572.9221106408887,-45.14501319518998,,1.2.0-rc1,2026-10-10T10:03:33.692388+00:00
2026Q2,Steel,True,Genel,Non-Energy Minerals,OK,EREGL,32.96490861135219,0.807211727393109,,2.6670032965012207,1.5060230584427379,1.7842748136752207,1.1154115746182938,0.5054931491066827,,0.53187658217186,9.026287948975952,4.795812285126499,2.9819611168107536,,5.263008923874213,-16.923536830265807,16.473371820800978,5.665074787772263,1.2.0-rc1,2026-10-10T10:03:33.692388+00:00
2026Q2,Beverages: Non-Alcoholic,False,Genel,Consumer Non-Durables,OK,ERSU,,1.2276732738371159,,-7.759949482300383,-5.573570491689106,5.694077750608612,4.993205993613426,0.27967963631307013,,0.6553133825275967,-5.224419176150925,-14.205872247879933,-27.140805447156634,,-18.831526363213403,-47.794556001401475,-69.44263586758055,,1.2.0-rc1,2026-10-10T10:03:33.692388+00:00
2026Q2,Finance/Rental/Leasing,False,Genel,Finance,OK,ESCAR,,1.232606876911572,,-22.352038144299012,-14.092519687448176,2.940767420232518,2.742935702642673,0.3936524707998347,,0.6141669367637976,-8.959803176322795,-19.565873934397576,-32.58294761615711,,1.5750329872749047,94.63152345725285,11.15504518586566,16.03952616522473,1.2.0-rc1,2026-10-10T10:03:33.692388+00:00
2026Q2,Computer Processing Hardware,False,Savunma/Teknoloji,Electronic Technology,OK,ESCOM,1.7977102040575088,0.7160872175992757,,54.73338559842092,53.48492623870554,0.431589607061749,0.431589607061749,0.0,,0.981764404209113,100.0,99.52807189923948,58.351161154717154,,501.54453560981904,-599.7735385770599,-0.015670705332393974,,1.2.0-rc1,2026-10-10T10:03:33.692388+00:00
2026Q2,Electric Utilities,False,Genel,Utilities,WARNING,ESEN,,0.2868248403595952,,-7.375234079844926,-3.553624430918514,0.9218002308802581,0.9126693730005911,0.5125870124379456,,0.47009580043553373,22.244979059591873,5.4702610757750705,-60.68893923834242,,-16.635762440864767,-7.716356696809767,294.6897555542568,0.9590329881946822,1.2.0-rc1,2026-10-10T10:03:33.692388+00:00
2026Q2,Restaurants,False,Genel,Consumer Services,OK,ETILR,,3.5557171569813892,,-14.33191015875115,-5.112041665888819,1.2614099837482318,1.0329127275060808,1.1681589376656152,,0.3924484827479027,16.040806208695283,14.851796959142998,-2.6541799040554164,,-20.286760927185345,-230.39710010411457,-9.423456688393928,,1.2.0-rc1,2026-10-10T10:03:33.692388+00:00
2026Q2,Investment Managers,False,Yatırım Ortaklığı,Finance,OK,ETYAT,,9.335242521212512,,-15.308152833333102,-13.87724068713293,18.453559447749537,18.453559447749537,,,0.8959401998089703,,,,,8.910296431771014,-60.291533162632305,,,1.2.0-rc1,2026-10-10T10:03:33.692388+00:00
2026Q2,Investment Banks/Brokers,False,Holding,Finance,OK,EUHOL,0.8398538401522129,0.21732971755483085,,46.14947451498461,39.8732560494566,0.2843649118192108,0.2843649118192108,,,0.8765171291793237,,,,,,-1247.4470480451537,,,1.2.0-rc1,2026-10-10T10:03:33.692388+00:00
2026Q2,Investment Banks/Brokers,False,Yatırım Ortaklığı,Finance,OK,EUKYO,,7.084122056336503,,-24.156473053377926,-22.609158570897776,22.786416488609998,22.786416488609998,,,0.9300912980110715,,,,,9.192736418498647,-28.2556009658398,,,1.2.0-rc1,2026-10-10T10:03:33.692388+00:00
2026Q2,Electrical Products,False,Genel,Producer Manufacturing,OK,EUPWR,32.27968848225212,2.4998554853551833,,9.152107629054544,6.55425434379778,2.1668297344202334,1.1613315712353887,0.2450321313708848,,0.49913785384740533,29.18521978241525,20.87697205486938,7.659196982473798,,47.62684585385033,107.92875652217595,-11.1360135262733,,1.2.0-rc1,2026-10-10T10:03:33.692388+00:00
2026Q2,Building Products,True,Genel,Producer Manufacturing,WARNING,EUREN,312.39620690535855,0.48044872828754576,,0.17440690132042524,0.12637859375932034,1.6406248634546605,1.1548589168424765,0.16961005791163652,,0.733085985497718,13.838777309617395,6.384829810520583,0.1970066593123727,,25.672509869644333,-98.95957960881393,7.2617602738337865,8.475098431167261,1.2.0-rc1,2026-10-10T10:03:33.692388+00:00
2026Q2,Investment Banks/Brokers,False,Yatırım Ortaklığı,Finance,WARNING,EUYO,,3.153592658110413,,-21.083400177932724,-19.943610852105902,31.103829100413154,31.103829100413154,,,0.9438118719216271,,,,,9.007235843921201,-30.77619186645001,,,1.2.0-rc1,2026-10-10T10:03:33.692388+00:00
2026Q2,Real Estate Development,False,GYO,Finance,OK,EYGYO,,0.6644215510846188,,-33.28586690866854,-19.527445105052216,1.1726041756450074,0.30880031519099627,,,0.5578943345565569,,,,,-51.72655533676033,1359.2985121083345,,,1.2.0-rc1,2026-10-10T10:03:33.692388+00:00
2026Q2,Food: Major Diversified,False,Genel,Consumer Non-Durables,OK,FADE,15.793044934294965,0.4581107050708199,,3.3439730569696504,2.6497199995943457,2.118947345492523,1.4360081217766405,0.061147099894749056,,0.7994895214511893,17.637508541786847,14.300459366914364,5.386665669638926,,19.35588837121507,-152.11996877527469,78.40868590372163,1.084979960907542,1.2.0-rc1,2026-10-10T10:03:33.692388+00:00
2025Q4,Movies/Entertainment,True,Genel,Consumer Services,OK,FENER,,2.2246144039535682,,-165.49382830514588,-17.458533221599723,0.5674175235563752,0.5084778691640339,0.947374159144852,,0.21990963824167514,-40.83317503127341,-64.84663146467385,-30.603058998665343,,19.187418006186864,311.9055025274341,-49.638044328233136,,1.2.0-rc1,2026-10-10T10:03:33.692388+00:00
2026Q2,Other Consumer Services,False,Genel,Consumer Services,OK,FLAP,,0.9449060538369198,,-6.6190531845224765,-5.569180992765825,1.8342795910431577,1.0168503760056833,0.0858244852451561,,0.7985199130910375,22.663655466159266,2.3668129094308226,-16.76256138335258,,-21.009830309902412,-1139.9738109887048,4.926362280466238,53.45890413768492,1.2.0-rc1,2026-10-10T10:03:33.692388+00:00
2026Q2,Auto Parts: OEM,False,Genel,Producer Manufacturing,OK,FMIZP,24.793490662985196,5.360739488888781,,23.788204520688968,20.270495270010265,6.355601077318963,5.551406678900227,0.0160016177551704,,0.8372263051207995,20.93044070549171,15.330490223374266,17.687553122633453,,8.97569483814351,46.85004592292612,19.890598587009876,22.04741005046805,1.2.0-rc1,2026-10-10T10:03:33.692388+00:00
2026Q2,Packaged Software,False,Savunma/Teknoloji,Technology Services,OK,FONET,12.221408088405381,1.8769885776088155,,18.690434371602972,15.811539704997104,3.0211375465856807,3.0211375465856807,0.028192287259997638,,0.9001279773327073,40.540789832411576,31.860700937870952,28.70772295151695,,61.51562281044522,118.73642257915739,9.382790313319475,37.39279955785835,1.2.0-rc1,2026-10-10T10:03:33.692388+00:00
2026Q2,Forest Products,False,Genel,Non-Energy Minerals,OK,FORMT,,0.41855041931805914,,-5.553744198319762,-4.2008582686618325,1.9099165974076988,1.4123835911274865,0.07771609455595146,,0.778340911267696,11.146582353326878,-11.995294789824023,-12.564482539184949,,-2.1265290652062063,-16.88999959232088,-37.64625024128341,,1.2.0-rc1,2026-10-10T10:03:33.692388+00:00
2026Q2,Packaged Software,False,Savunma/Teknoloji,Technology Services,INFO,FORTE,1.9829079808688665,1.9263465214793067,,153.06037698171338,60.58498685978879,1.4078646567869264,0.755360645110524,0.7972384419105643,,0.3738615037589462,35.360876897536684,24.959300836382404,71.24553933195955,,88.28174112333285,-5010.174159197991,84.78162855191664,1.6601958958984124,1.2.0-rc1,2026-10-10T10:03:33.692388+00:00
2026Q2,Food: Specialty/Candy,False,Genel,Consumer Non-Durables,OK,FRIGO,,1.3460905905890153,,-6.820723812784406,-3.7200640492773323,1.41449591353248,0.5525545032990701,0.2918127677615249,,0.5624184564499195,0.683473934965071,-10.999102871670669,-6.420310523978959,,-10.198235500946684,-76.42567078447588,14.22755374282685,10.164881716094806,1.2.0-rc1,2026-10-10T10:03:33.692388+00:00
2026Q2,Miscellaneous Manufacturing,False,Genel,Producer Manufacturing,OK,FRMPL,16.01148346284961,0.9615504224048711,,12.010759960323389,7.771900817030557,2.173515986639409,1.1426471463059256,0.13240118664139705,,0.6470781901148992,29.8455940695379,20.664731722577113,6.106562124722589,,,,18.324509604329336,5.335756349613811,1.2.0-rc1,2026-10-10T10:03:33.692388+00:00
2026Q2,Motor Vehicles,True,Genel,Consumer Durables,OK,FROTO,7.890065114490375,1.4618703856031154,,20.773036543085073,7.325678954476132,1.2834276426205067,0.9150892132044008,0.9376821563231451,,0.3662666721287772,7.622205108177381,3.802667977519975,3.5979344209398696,,-1.3571469653604673,-29.09019905758834,4.5627516310621505,6.221670420459296,1.2.0-rc1,2026-10-10T10:03:33.692388+00:00
2026Q2,Homebuilding,False,GYO,Consumer Durables,OK,FZLGY,,1.564794098985035,,-23.20997322007157,-8.296521439918838,3.7044128279307307,0.8435258699612036,,,0.35981550104595117,,,,,1143.6383681740344,-689.0793467793095,,,1.2.0-rc1,2026-10-10T10:03:33.692388+00:00
2026Q2,Major Banks,True,Banka,Finance,OK,GARAN,,1.1147284156943806,,,3.1520715957042604,,,,,0.11041057436534113,,,,,,19.56729680303344,,,1.2.0-rc1,2026-10-10T10:03:33.692388+00:00
2026Q2,Miscellaneous Commercial Services,False,Genel,Commercial Services,WARNING,GATEG,56.987234840461966,4.903405415164363,,14.89614442336617,6.1794377792265704,1.2193124051545035,0.8581785892614724,0.2232268498287813,,0.3986187278749069,16.093174541963293,13.677075947423914,4.444183117857892,,993.4298406292928,43.635920620511804,17.55144478540405,14.429678588169507,1.2.0-rc1,2026-10-10T10:03:33.692388+00:00
2026Q2,Investment Banks/Brokers,False,Finansal,Finance,WARNING,GEDIK,5.732888706384931,1.374281317766774,,27.038654821837802,4.603259244105447,,,,,0.15624047506994912,,,,,,2.8586921274724952,,,1.2.0-rc1,2026-10-10T10:03:33.692388+00:00
2026Q2,Industrial Specialties,False,Genel,Process Industries,OK,GEDZA,58.13792493365903,0.8186202580741335,,1.6096750434651852,0.7015194075085123,3.561910924504615,2.3738177972208994,0.02282032892081417,,0.6777372158369954,32.4737023609592,26.897259528607513,0.9404735785356751,,13.276145710967802,-62.1856105582281,-15.527570329773917,,1.2.0-rc1,2026-10-10T10:03:33.692388+00:00
2026Q2,Pharmaceuticals: Major,False,Genel,Health Technology,OK,GENIL,16.1631151178411,1.6087043041236386,,11.82586848383321,6.489081671315479,1.2890475603519262,1.0496005741522452,0.4075561300304833,,0.5540821475509199,23.344243213773975,11.942947094312846,5.053713446823647,,18.58672565214876,72.52547051562719,-7.586085975919916,,1.2.0-rc1,2026-10-10T10:03:33.692388+00:00
2026Q2,Chemicals: Specialty,False,Genel,Process Industries,OK,GENKM,,0.6605285007305719,,-1.2705693948361896,-1.0418689351249466,3.169076999781387,2.484204481686986,0.033641959069345105,,0.8200190483914792,21.736771710723986,13.512363805507634,-0.816514084092562,,,,4.549101059610399,18.662529371623915,1.2.0-rc1,2026-10-10T10:03:33.692388+00:00
2026Q2,Office Equipment/Supplies,False,Genel,Producer Manufacturing,INFO,GENTS,6.722385030240629,0.7316240794180247,,12.920849873335069,7.66146103016158,1.9238375453324201,1.039721220450641,0.1684756612918775,,0.6502017090492851,25.757898587093152,11.084380474785243,7.297735256467895,,3.4791756593593126,-6597.958319254822,1.513147011296092,34.49024411869912,1.2.0-rc1,2026-10-10T10:03:33.692388+00:00
2026Q2,Electrical Products,False,Genel,Producer Manufacturing,OK,GEREL,13.02219005209471,2.371471209161442,,31.568306154060654,13.800121583135885,1.7517530088091648,0.6241157894613849,0.5082496732261675,,0.556177984883039,45.04136439693428,30.554117642531175,23.296253417487563,,2.343763623425099,-235.77886646304123,-78.85185164050371,,1.2.0-rc1,2026-10-10T10:03:33.692388+00:00
2026Q2,Electronic Equipment/Instruments,False,Savunma/Teknoloji,Electronic Technology,WARNING,GESAN,12.800859372933504,1.1199934705941328,,10.374100794943836,4.916459335847205,2.1483464606428937,1.4546383940209855,0.35746517494427,,0.3853110270003369,27.233436997429937,17.629327849866154,7.198897521069086,,4.274825269452798,-7.625784702055249,-12.04878854908161,,1.2.0-rc1,2026-10-10T10:03:33.692388+00:00
2026Q2,Office Equipment/Supplies,False,Genel,Producer Manufacturing,OK,GIPTA,,1.1104503603862317,,-9.986825124195255,-7.956436568139873,6.260019767218126,5.2590793685556525,0.02875413528051813,,0.8224722703776522,25.02080282834993,13.499919848398868,-12.932299330410405,,2.0524666728028995,-146.9733617325041,31.71858458465388,4.83048747722751,1.2.0-rc1,2026-10-10T10:03:33.692388+00:00
2026Q2,Investment Banks/Brokers,False,Finansal,Finance,WARNING,GLBMD,,1.9495103226082906,,-17.146212202215505,-2.3096855776843226,,,,,0.10133992694510921,,,,,,81.34748138542105,,,1.2.0-rc1,2026-10-10T10:03:33.692388+00:00
2026Q2,Engineering & Construction,True,Genel,Industrial Services,OK,GLRMK,11.395280221210562,1.5602834422968601,,18.19962901114063,5.784537567111732,2.358754820562692,2.332290706704233,0.6250979482582109,,0.35466147037707857,11.981240387096346,11.638503670794439,7.157364388885636,,13.39255706579381,-27.981373699247147,2.752797319526827,29.51607705132624,1.2.0-rc1,2026-10-10T10:03:33.692388+00:00
2026Q2,Investment Managers,False,Holding,Finance,OK,GLRYH,2.560496097437688,0.21238412250675223,,9.92277856282491,6.932343299497899,2.125641202757199,2.120445191014067,,,0.19493145247717142,,,,,7.354585123630164,7.282843467864408,,,1.2.0-rc1,2026-10-10T10:03:33.692388+00:00
2026Q2,Investment Banks/Brokers,True,Holding,Finance,OK,GLYHO,5.25591863876578,2.0231219487839227,,46.89197957093542,8.114828997198588,1.0982704631196278,1.0624173548996059,,,0.14500692617912245,,,,,0.3811256762420001,23.541889962068254,,,1.2.0-rc1,2026-10-10T10:03:33.692388+00:00
2026Q2,Food Retail,False,Genel,Retail Trade,OK,GMTAS,,3.19329194727478,,-2.889440478324964,-2.3796206518747964,2.5619790699786917,0.5261704384661375,0.012954682975381262,,0.8219944772920013,19.4955551051048,8.739662833410206,-1.750811939698857,,36.95321637044684,-174.64358216868732,0.01757530463611973,12667.728917495167,1.2.0-rc1,2026-10-10T10:03:33.692388+00:00
2026Q2,Food: Specialty/Candy,False,Genel,Consumer Non-Durables,OK,GOKNR,12.641907018077154,0.43186097125420236,,3.863554197179047,2.39380465189672,2.1077573154046174,1.0360697485252057,0.3305249200129816,,0.6279108543860338,21.572485418966362,12.542882373040912,2.3093833589094346,,-7.818410704525358,-71.30270588943873,23.00859449970352,1.2668370211847109,1.2.0-rc1,2026-10-10T10:03:33.692388+00:00
2026Q2,Food: Specialty/Candy,False,Genel,Consumer Non-Durables,OK,GOLDA,,0.4820345711530238,,-3.3058296840283075,-2.685255058905115,5.577723243015636,4.4131082472226355,0.0021111729536263295,,0.8122787062741258,13.456096639163876,3.1747556702435134,-2.6506872935678114,,,,-1.1689815635670966,,1.2.0-rc1,2026-10-10T10:03:33.692388+00:00
2026Q2,Construction Materials,False,Genel,Non-Energy Minerals,OK,GOLTS,6.894938888437017,0.40193366355303534,,6.579380559354043,4.347018233584117,1.0051919070724344,0.6895661344582004,0.2279460677455635,,0.686001218818457,24.72372395591776,6.530103780833472,7.5258132894029846,,8.358826687420319,365.2876926120296,10.6420649180693,5.157749376158868,1.2.0-rc1,2026-10-10T10:03:33.692388+00:00
2026Q2,Automotive Aftermarket,False,Genel,Consumer Durables,WARNING,GOODY,,2.0955229948421805,,-132.74823617222953,-21.66832582493724,0.7402801478910828,0.4624672100327767,1.0090655261365942,,0.08934581068712143,3.970820188973191,-7.682310017382066,-12.11346343553432,,-5.994487823195394,143.9098740900258,10.585130960891487,1.0624423456994936,1.2.0-rc1,2026-10-10T10:03:33.692388+00:00
2026Q2,Investment Banks/Brokers,False,Yatırım Ortaklığı,Finance,OK,GOZDE,,0.26064161989829493,,-25.64701979926133,-24.56666640328854,0.047259262764336236,0.047259262764336236,,,0.9499686364861218,,,,,-99.96661351470495,-43.822918976845706,,,1.2.0-rc1,2026-10-10T10:03:33.692388+00:00
2026Q2,Investment Managers,False,Yatırım Ortaklığı,Finance,OK,GRNYO,,4.049247179275123,,-37.987913014773795,-34.97006497283056,18.581674171797946,18.581674171797946,,,0.9282500206790885,,,,,-39.8414850390715,25.830778174243683,,,1.2.0-rc1,2026-10-10T10:03:33.692388+00:00
2026Q2,Other Consumer Services,True,Genel,Consumer Services,OK,GRSEL,7.823198813027341,2.054877069994702,,33.491511718070896,26.676472156386353,3.0736175991427914,3.068969200835638,0.02827838015539194,,0.7969731070779813,34.89762213949929,32.27711482428896,27.66639992965365,,6.0812518523979175,37.90650873442261,6.6729590850624465,31.395176458520005,1.2.0-rc1,2026-10-10T10:03:33.692388+00:00
2026Q2,Wholesale Distributors,False,Holding,Distribution Services,OK,GRTHO,7.716776838473934,1.432600468896296,,23.35939271817008,20.029810093763956,2.954336483832601,2.71219320572242,,,0.828506884295174,,,,,-12.600570400020795,54.632254771853425,,,1.2.0-rc1,2026-10-10T10:03:33.692388+00:00
2026Q2,Marine Shipping,False,Genel,Transportation,OK,GSDDE,3.0850617271350216,0.5129713588079923,,19.2488818718049,13.463588403281012,8.013971165624902,8.001105631812042,0.41927587587377285,,0.6985726629580323,39.978694006774525,42.200550847581205,82.47390237991942,,1.1420740332114931,-732.0414360927374,132.9238295509253,1.9141570069065788,1.2.0-rc1,2026-10-10T10:03:33.692388+00:00
2026Q2,Marine Shipping,False,Holding,Transportation,OK,GSDHO,12.917692353921888,0.2910382681163837,,2.550114376534306,2.4235527858325616,3.4190025219571343,3.4118494700310658,,,0.6054004596283059,,,,,14.334347848141892,64.64452528294235,,,1.2.0-rc1,2026-10-10T10:03:33.692388+00:00
2025Q4,Movies/Entertainment,False,Genel,Consumer Services,OK,GSRAY,17.966925323955945,0.6417485257070668,,5.271117014173679,1.4917688886305256,0.2505349029045999,0.1829555927236756,0.1726441627983256,,0.38935422013915344,3.553363098113147,-15.788206776345785,2.944223368897904,,41.37340458786045,-151.75787730086995,-41.245644192369355,,1.2.0-rc1,2026-10-10T10:03:33.692388+00:00
2026Q2,Chemicals: Specialty,True,Genel,Process Industries,OK,GUBRF,17.54393215172484,3.546928579930992,,25.237888309159917,12.14192530229297,1.6274049303056066,1.0973984353705868,0.2473706201810308,,0.49989383363556483,24.982910191746466,18.576861138260824,11.639279723339694,,-10.21050003676881,22.151461622447698,16.529143599232608,12.325775445054136,1.2.0-rc1,2026-10-10T10:03:33.692388+00:00
2026Q2,Food: Meat/Fish/Dairy,False,Genel,Consumer Non-Durables,OK,GUNDG,,4.998257875594679,,-19.495352614255683,-16.457234376208,17.02072859145169,15.091486207547348,0.0024767952806645345,,0.9391366387330247,2.8177585047884746,-6.5250772814048075,-10.293439083391057,,-40.925078187876615,63.549730374428925,-0.7529128954208781,,1.2.0-rc1,2026-10-10T10:03:33.692388+00:00
2026Q2,Alternative Power Generation,True,Genel,Utilities,OK,GWIND,4.904644376887939,0.608055360739724,,14.742974803229503,10.933583461019046,1.2526933442057622,1.2491268513565836,0.18253951532689003,,0.7609185520475201,40.104986979199595,48.53841543428725,74.49992906599176,,-10.787179863920393,107.39818482999715,-37.78692478364616,,1.2.0-rc1,2026-10-10T10:03:33.692388+00:00
2026Q2,Other Consumer Services,False,Genel,Consumer Services,OK,GZNMI,,1.4854078280784708,,-23.396827311588314,-6.600736830982592,0.9701926955202542,0.96586813534032,1.034824368905427,,0.2727147689437875,11.81567899827848,-0.9199410217007891,-7.928374531283285,,10.252894971473925,318.4640602877872,10.298895518265622,5.082851311799698,1.2.0-rc1,2026-10-10T10:03:33.692388+00:00
2026Q2,Major Banks,True,Banka,Finance,OK,HALKB,,1.343842162232206,,,0.7692816092493081,,,,,0.04968441348007547,,,,,,21.80012925263368,,,1.2.0-rc1,2026-10-10T10:03:33.692388+00:00
2026Q2,Textiles,False,Genel,Process Industries,WARNING,HATEK,3.0790780954691326,0.33873430431204243,,11.954081663405235,5.247149693155198,0.9679693658383601,0.3126968965012743,0.9597680840172513,,0.4350457999189012,1.942293159420223,-13.383689340205922,16.760514688009536,,-5.538311207648605,-131.6532143843394,15.244367019293412,3.383024755279417,1.2.0-rc1,2026-10-10T10:03:33.692388+00:00
2026Q2,Trucks/Construction/Farm Machinery,False,Genel,Producer Manufacturing,OK,HATSN,,0.9863768356608491,,-14.304530188055638,-10.464569186428623,1.0291450688366988,0.717764341026324,0.13453201010833774,,0.7163370422985516,-13.814932850124695,-16.732196955896946,-18.08674507915156,,-14.710706497057513,-165.8635443057632,7.141167113907365,18.805009869475754,1.2.0-rc1,2026-10-10T10:03:33.692388+00:00
2026Q2,Investment Managers,False,Yatırım Ortaklığı,Finance,OK,HDFGS,2.1909597478606724,0.3816880205573174,,21.440290824990594,21.40476119467738,1.908871446483498,1.908871446483498,,,0.9986098799889758,,,,,202.09810325382657,-251.68072411031676,,,1.2.0-rc1,2026-10-10T10:03:33.692388+00:00
2026Q2,Financial Conglomerates,False,Holding,Finance,INFO,HEDEF,17.24362517862972,5.778283257460639,,47.34133506190082,36.96716437404188,0.029968486785765018,0.029968486785765018,,,0.804525873996201,,,,,2317.2600160479064,-215.11206995331494,,,1.2.0-rc1,2026-10-10T10:03:33.692388+00:00
2026Q2,Chemicals: Major Diversified,True,Genel,Process Industries,OK,HEKTS,,1.1205441700203598,,-33.45731512917844,-17.192880922952103,0.6965911725166798,0.5779110954496745,0.792891725142459,,0.47572424818995596,4.216747318361123,-40.93234235724047,-77.17600168691804,,-12.553000291517458,34.58820134123422,11.042110012460542,24.504567636847025,1.2.0-rc1,2026-10-10T10:03:33.692388+00:00
2026Q2,Industrial Machinery,False,Genel,Producer Manufacturing,OK,HKTM,,1.201389483823819,,-23.6024970664715,-10.415294475302883,1.0051469700449884,0.37851286723686134,0.4401741556154375,,0.4600355553377807,39.127857312053635,6.205902964767756,-22.982611844475468,,-9.30952756711898,69.79397249079268,0.9510830095387928,142.2208744688935,1.2.0-rc1,2026-10-10T10:03:33.692388+00:00
2026Q2,Real Estate Investment Trusts,False,GYO,Finance,OK,HLGYO,1.1238049162614085,0.23050225811112654,,25.226725643725768,17.152812858870277,1.286675261316665,0.27287838982913626,,,0.6533205925388356,,,,,54.13871153846055,112.66546289334913,,,1.2.0-rc1,2026-10-10T10:03:33.692388+00:00
2026Q2,Air Freight/Couriers,False,Genel,Transportation,OK,HOROZ,,0.9341733953999869,,-1.719710845852128,-0.6752069128860955,1.0095019513144408,1.0056041390678199,1.0803489095711014,,0.38090538886714465,10.237887939621212,2.258093144032857,-0.4313569990091156,,19.854303548999663,-111.98314971926541,2.354781982508857,11.384896003923217,1.2.0-rc1,2026-10-10T10:03:33.692388+00:00
2026Q2,Trucking,False,Genel,Transportation,OK,HRKET,,1.928775435176433,,-21.950294777362938,-9.74605744892252,1.0773996862475135,1.0569858843547724,0.8503607877957549,,0.40041662448916965,23.683819682645336,9.2981137930145,-22.403575923737368,,32.413876930057064,292.12221680415416,-2.5734348472572957,,1.2.0-rc1,2026-10-10T10:03:33.692388+00:00
2026Q2,Packaged Software,False,Savunma/Teknoloji,Technology Services,OK,HTTBT,20.739229558212276,2.9015263639019895,,16.062986101224716,12.935060747372052,2.322446697737498,2.322446697737498,0.05164930956787802,,0.837643669172477,46.81967684707995,19.61685185427685,21.570418101954047,,28.57401969831217,16.39543766919822,3.4926946881732506,128.08272483645501,1.2.0-rc1,2026-10-10T10:03:33.692388+00:00
2026Q2,Investment Managers,False,Yatırım Ortaklığı,Finance,WARNING,HUBVC,,0.7516457591245748,,-50.76337880168137,-48.23780051277875,0.6570496979403179,0.6570496979403179,,,0.9366139531324297,,,,,-129.45797844426045,120.2537690647659,,,1.2.0-rc1,2026-10-10T10:03:33.692388+00:00
2026Q2,Alternative Power Generation,False,Genel,Utilities,OK,HUNER,,0.8509271392684317,,-7.841913800680976,-4.24360360278896,0.23317383809381698,0.1968953963110057,0.44237473942536065,,0.519903006419874,29.852091970616325,23.738945481444198,-35.7024317245945,,-8.543863526164696,-151.24509523788512,-91.66955402280894,,1.2.0-rc1,2026-10-10T10:03:33.692388+00:00
2026Q2,Publishing: Newspapers,False,Genel,Consumer Services,OK,HURGZ,,1.5798409788966268,,-68.87909448325304,-26.71421275592663,1.1089658329262244,1.0929441493045706,0.025438648545359044,,0.3098021286676491,-22.974919085849905,-35.41562913361538,-114.34587754323924,,-11.541618806144827,29.969869093425473,39.63278911700399,5.587027634556086,1.2.0-rc1,2026-10-10T10:03:33.692388+00:00
2026Q2,Major Banks,False,Banka,Finance,WARNING,ICBCT,,2.376704606619642,,,2.3875112771561415,,,,,0.05109273206117451,,,,,,-307.85975200444335,,,1.2.0-rc1,2026-10-10T10:03:33.692388+00:00
2026Q2,Investment Managers,False,Yatırım Ortaklığı,Finance,OK,ICUGS,,1.21650173805277,,-51.08083512890648,-44.39870205399667,0.35517982549007143,0.35517982549007143,,,0.8380340993216906,,,,,-100.0,415.8110957887784,,,1.2.0-rc1,2026-10-10T10:03:33.692388+00:00
2026Q2,Real Estate Investment Trusts,False,GYO,Finance,WARNING,IDGYO,,1.5470213867545208,,-70.69279331054055,-25.79164718438519,0.24344441428074762,0.24344441428074762,,,0.2591769542939606,,,,,-418.7576222404102,82.36357823379493,,,1.2.0-rc1,2026-10-10T10:03:33.692388+00:00
2026Q2,Containers/Packaging,False,Holding,Process Industries,OK,IEYHO,,8.264187055273926,,-39.94226758637641,-27.76607564149401,0.6248882376643231,0.4428107608818698,,,0.912425384164451,,,,,-69.59500437390176,18.956042987007216,,,1.2.0-rc1,2026-10-10T10:03:33.692388+00:00
2026Q2,Miscellaneous Commercial Services,False,Genel,Commercial Services,OK,IHAAS,,8.296382289634124,,-32.89349258730652,-20.100354497715177,1.8400011475419389,1.8400011475419389,0.15767539780178869,,0.5772913556531554,-1.805356211823321,-20.925684864733352,-15.805062682534917,,6.579066104047437,9.556272651190966,-7.042198261225272,,1.2.0-rc1,2026-10-10T10:03:33.692388+00:00
2026Q2,Electronics/Appliances,False,Genel,Consumer Durables,OK,IHEVA,7.1907609366818726,0.24405698790243185,,3.9067257018838757,2.8342726193668355,2.2643276565906465,1.041512474307527,0.11184419492786703,,0.7118599283615205,14.334696026789484,7.024244711309939,1.957711700241806,,-0.7248793749851101,23.435868624774002,-1.1111816427432948,,1.2.0-rc1,2026-10-10T10:03:33.692388+00:00
2026Q2,Publishing: Newspapers,False,Genel,Consumer Services,WARNING,IHGZT,2.9985378576851303,0.1638638945215031,,6.372129809089097,4.951997314786926,6.345609685273306,5.598628844951625,0.0632595764584938,,0.8081589454212724,19.396249843114706,-2.886201813262415,8.898409306951272,,6.19268309429053,40.11409019307575,-10.615433387129482,,1.2.0-rc1,2026-10-10T10:03:33.692388+00:00
2026Q2,Real Estate Development,False,Holding,Finance,OK,IHLAS,,0.6976461986889724,,-86.65992086602618,-9.578604069347719,3.145575599351211,1.3203155801700281,,,0.10991686958793999,,,,,44.28710194414711,101.22765833157015,,,1.2.0-rc1,2026-10-10T10:03:33.692388+00:00
2026Q2,Real Estate Development,False,Genel,Finance,OK,IHLGM,1.313106787577044,0.5083187415997101,,52.69064481564103,16.196971128783595,3.2023865754962637,0.6741195711989306,0.08924626265368044,,0.31725022183747165,-33.798726174686,-60.644436328937644,42.173114050455744,,240.50870613839712,-544.2020530638496,-1.4000547389360307,,1.2.0-rc1,2026-10-10T10:03:33.692388+00:00
2026Q2,Media Conglomerates,False,Holding,Consumer Services,OK,IHYAY,,0.8423564759329052,,-61.71509077097438,-3.3081739227711044,1.9983657655353215,1.7273829298233427,,,0.08089945790042767,,,,,6.149899251106583,-11.357838471746796,,,1.2.0-rc1,2026-10-10T10:03:33.692388+00:00
2026Q2,Industrial Machinery,False,Genel,Producer Manufacturing,OK,IMASM,,0.42791675528621215,,-14.943111657647204,-8.779383751907615,1.1995487766099049,0.7441449472084166,0.18249008040553608,,0.5397330113348751,36.01069245617143,14.076294871407319,-15.375437391888186,,4.9063033750322615,244.90422101906,-12.616451317846552,,1.2.0-rc1,2026-10-10T10:03:33.692388+00:00
2026Q2,Electronics Distributors,False,Genel,Distribution Services,OK,INDES,,1.036385174470524,,,,1.127069676736957,0.8620145066111244,0.7800026257377277,,0.17409875675760753,,,,,,,,,1.2.0-rc1,2026-10-10T10:03:33.692388+00:00
2026Q2,Investment Banks/Brokers,False,Finansal,Finance,OK,INFO,2.0271545667880777,0.6920795771900934,,44.38584364372014,5.265364662086104,,,,,0.10732593916245706,,,,,,979.8364751232268,,,1.2.0-rc1,2026-10-10T10:03:33.692388+00:00
2026Q2,Electronics Distributors,False,Genel,Distribution Services,WARNING,INGRM,,3.450830878945912,,-1.2306026705205715,-0.2222910005273753,1.354303523610305,1.1149368624548364,2.8144187399058267,,0.12072830113757019,5.57511985666656,1.8491865534539056,-0.08530330090455256,,27.567839480904176,-175.2384510203372,-0.5627003123357673,,1.2.0-rc1,2026-10-10T10:03:33.692388+00:00
2026Q2,Industrial Specialties,False,Genel,Process Industries,OK,INTEK,,15.575276533404057,,,,0.3003414631263002,0.29361349418291294,0.11276976829164938,,0.0813159610697552,,,,,,,,,1.2.0-rc1,2026-10-10T10:03:33.692388+00:00
2026Q2,Building Products,False,Genel,Producer Manufacturing,OK,INTEM,80.52087490220144,3.5688243032006746,,5.141242785176453,1.1911400278090678,1.275631024197582,1.218513504847983,0.07501497063355403,,0.23297561533134245,53.324078567856525,16.446552065572146,2.105852068070923,,10.195154333153656,-167.57460435871917,4.27824316058126,39.63427149209612,1.2.0-rc1,2026-10-10T10:03:33.692388+00:00
2026Q2,Electronic Production Equipment,False,Savunma/Teknoloji,Electronic Technology,OK,INTET,,4.5670359427849005,,,,2.344305303449921,1.925602772966305,0.3344311724932928,,0.54989730009084,,,,,,,,,1.2.0-rc1,2026-10-10T10:03:33.692388+00:00
2026Q2,Investment Managers,False,Holding,Finance,OK,INVEO,,0.4292580208745787,,-57.00884782276425,-44.353499707237624,0.0755510973867842,0.0755510973867842,,,0.6611069255089013,,,,,-189.3991472526368,-205.69610903904052,,,1.2.0-rc1,2026-10-10T10:03:33.692388+00:00
2026Q2,Financial Conglomerates,False,Holding,Finance,OK,INVES,12.928831760873106,3.6264771620878067,,36.30352580181332,32.10252894357137,20.14725407392951,20.14725407392951,,,0.8752363997211453,,,,,-352.3804241021336,-217.78513938435728,,,1.2.0-rc1,2026-10-10T10:03:33.692388+00:00
2026Q2,Textiles,False,Holding,Process Industries,WARNING,ISBIR,,0.1813811645374709,,,,1.4227875631950726,0.9136242531580387,,,0.48920604215076985,,,,,,,,,1.2.0-rc1,2026-10-10T10:03:33.692388+00:00
2026Q2,Major Banks,True,Banka,Finance,OK,ISCTR,,0.7564472100891748,,,1.4925707229226504,,,,,0.08901134925548213,,,,,,46.595923566770956,,,1.2.0-rc1,2026-10-10T10:03:33.692388+00:00
2026Q2,Steel,True,Genel,Non-Energy Minerals,OK,ISDMR,14.27762157642263,1.2245843764503133,,9.241294941306435,5.828856300863848,1.6756835520855502,0.9206915297247518,0.24958782814291805,,0.6328987211124922,9.081074769379635,6.151056347884047,8.655812300631393,,5.606134382907246,-8.229001001975245,16.058838192997698,7.695725617239668,1.2.0-rc1,2026-10-10T10:03:33.692388+00:00
2026Q2,Real Estate Investment Trusts,False,GYO,Finance,OK,ISGYO,,0.3743213884832764,,-4.814848378793822,-4.083197309207208,2.4198982454993305,0.5724190016506774,,,0.8298097022231803,,,,,-39.7567864434251,52.44338387573075,,,1.2.0-rc1,2026-10-10T10:03:33.692388+00:00
2026Q2,Miscellaneous Manufacturing,False,Genel,Producer Manufacturing,OK,ISKPL,17.635151705337677,1.6179384639269203,,10.945335242714174,6.0902765941203185,1.1067854124264742,0.7267995221076978,0.6144202150045718,,0.5408969067783325,30.979305650125543,16.366211334569762,9.5604890695328,,11.085094927075524,-29.571860237959424,0.4954307853683405,340.3112606195498,1.2.0-rc1,2026-10-10T10:03:33.692388+00:00
2026Q2,Investment Banks/Brokers,True,Finansal,Finance,OK,ISMEN,6.080380338352299,1.2671367988034734,,24.25183403383062,5.248192684348458,,,,,0.20270726542237344,,,,,,-13.02325774234674,,,1.2.0-rc1,2026-10-10T10:03:33.692388+00:00
2026Q2,Textiles,False,Genel,Process Industries,OK,ISSEN,7.0198586974508626,0.3538343652976779,,5.8831913720900015,3.2676802483178604,1.2723747656424196,0.8257397266930803,0.6077275434740084,,0.5567157167240098,19.41071265580193,16.001297617986125,6.908672998886768,,-18.31080125447898,-126.89806695548714,-19.81798105643048,,1.2.0-rc1,2026-10-10T10:03:33.692388+00:00
2026Q2,Home Furnishings,False,Genel,Consumer Durables,OK,ISVEA,45.20381549999583,4.416939108480411,,19.542328715507733,6.849784191826445,1.32561266593484,0.9363995533301668,1.356540586322246,,0.3505101306780715,30.83426308470969,24.618728110240802,6.8553224453571895,,,,22.211853542301753,13.95141249345704,1.2.0-rc1,2026-10-10T10:03:33.692388+00:00
2026Q2,Alternative Power Generation,False,Genel,Utilities,WARNING,IZENR,22.50498972720983,0.46326712982921703,,2.371232614663321,2.15956781077202,5.84131799440943,2.7762798320795534,0.054347623579323545,,0.9257840896083203,8.466631907435552,7.701168433957655,4.71645046426219,,-21.795782712100596,-260.0022992941869,5.77899399398716,18.367153410706663,1.2.0-rc1,2026-10-10T10:03:33.692388+00:00
2026Q2,Miscellaneous Manufacturing,False,Genel,Producer Manufacturing,OK,IZFAS,,5.652637578060575,,-6.497776225024329,-4.016619133776357,2.584789376747374,1.5160710628411107,0.20947887226427495,,0.6322075284484544,16.720894676780492,3.0339196018403043,-3.889199632417184,,16.352613707701757,-61.12779361532108,-23.822692147238264,,1.2.0-rc1,2026-10-10T10:03:33.692388+00:00
2026Q2,Food: Meat/Fish/Dairy,False,Genel,Consumer Non-Durables,WARNING,IZINV,,1.4551044733050973,,-17.102085609535987,-11.548917193861998,2.342606511511646,1.8201053721991176,0.14271755384714035,,0.6197641550871781,29.260986063456706,-20.550133481524004,-56.643697200179965,,3.1179009909117816,-37.35777959516866,-32.608303372004286,,1.2.0-rc1,2026-10-10T10:03:33.692388+00:00
2026Q2,Steel,False,Genel,Non-Energy Minerals,WARNING,IZMDC,,0.47612624588140734,,-8.573642670434818,-2.7255456979563704,0.6332552710700049,0.294011737895118,1.4191423495556574,,0.3361447757086296,0.3750660610402091,-2.4142708847004246,-2.064936946222464,,0.7282239092652798,87.98289550507646,1.7488221379756623,7.714227532130809,1.2.0-rc1,2026-10-10T10:03:33.692388+00:00
2026Q2,Auto Parts: OEM,False,Genel,Producer Manufacturing,INFO,JANTS,15.037394135570947,1.094021669379512,,8.607528141168228,5.745643142039924,1.950325273046274,1.4186391289352882,0.2976405191344068,,0.6396177060013132,15.414013961584077,7.223327905993164,8.095298672854835,,10.966102545329036,-7015.710852277466,2.537317401351635,47.976725518646866,1.2.0-rc1,2026-10-10T10:03:33.692388+00:00
2026Q2,Containers/Packaging,False,Genel,Process Industries,OK,KAPLM,,1.1870522665467496,,-24.26085951290707,-14.508819459551802,2.522968512765081,2.0041377949397376,0.012606101927767783,,0.8005011689408432,8.422744403561405,-8.127362866960965,-16.44333523229033,,-7.349901694816885,149.11250492440766,-3.6533151788726674,,1.2.0-rc1,2026-10-10T10:03:33.692388+00:00
2026Q2,Steel,False,Genel,Non-Energy Minerals,OK,KARCL,74.0964260375302,3.857912486989287,,10.413221509591395,3.6354706005631177,0.9967612771782186,0.1664022700832113,1.2289752175628899,,0.34912064409794447,13.521240401666518,9.741063675155653,2.2710355278899206,,,,0.1687108375839778,997.4203105780783,1.2.0-rc1,2026-10-10T10:03:33.692388+00:00
2026Q2,Telecommunications Equipment,False,Savunma/Teknoloji,Electronic Technology,OK,KAREL,,4.381327004835108,,-58.140117261141675,-4.5392717248261025,0.7224870568147843,0.47854616865667043,6.214220143879673,,0.06557085717780467,12.771546884727533,0.6415635751524833,-3.1125900470613566,,13.71453970619816,-69.06800255002914,11.983693739047956,1.871998039371903,1.2.0-rc1,2026-10-10T10:03:33.692388+00:00
2026Q2,Trucks/Construction/Farm Machinery,True,Genel,Producer Manufacturing,WARNING,KARSN,23.34004877306049,1.0014574091150295,,4.931266647827172,1.701313918878316,1.0026949059639232,0.7321021797007361,1.1512424921164328,,0.36596858386538633,27.2359314336736,12.765929473680702,1.5388529948833631,,49.63589592371762,547.5745080041864,2.405686899563859,14.929999395041593,1.2.0-rc1,2026-10-10T10:03:33.692388+00:00
2026Q2,Containers/Packaging,False,Genel,Process Industries,OK,KARTN,,2.8025709291700402,,-21.07814126210984,-13.7381365791443,1.5556003807958079,0.8423644755967848,0.2669918363917973,,0.6605798142342721,-24.19605169263686,-35.47638409935547,-13.86746089934686,,-16.756695282380463,-44.877031815467795,7.656519973385651,25.191063594058182,1.2.0-rc1,2026-10-10T10:03:33.692388+00:00
2026Q2,Trucks/Construction/Farm Machinery,True,Genel,Producer Manufacturing,OK,KATMR,6.264725628431305,0.3137554503495486,,5.799553853486423,4.050763219164147,3.311055986438408,1.0044693524354222,0.22035778000463843,,0.7096878139043743,38.09671641463386,29.94689765046379,18.95486526876275,,33.453440460479335,-51.82486089019562,-25.588432549691564,,1.2.0-rc1,2026-10-10T10:03:33.692388+00:00
2026Q1,Biotechnology,False,Genel,Health Technology,OK,KAYSE,,0.209868911518883,,-12.99360771464636,-8.499741072003502,1.2045509316806287,0.9894145704654149,0.40287297543432155,,0.6142154848458641,-0.17702457079238101,-7.657223648379452,-20.623090872450703,,-26.932764759765494,222.37331728134163,-19.922270949240097,,1.2.0-rc1,2026-10-10T10:03:33.692388+00:00
2026Q2,Miscellaneous Manufacturing,False,Genel,Producer Manufacturing,OK,KBORU,26.167686679577045,1.2786144811411915,,5.685054610085746,2.455739692285486,1.644254681085971,0.9554418046864815,0.8942091769833289,,0.38258175542539,21.956755327644352,6.629023922273554,3.7462383287783387,,30.727422052522947,-75.17961965078872,-38.04059913735449,,1.2.0-rc1,2026-10-10T10:03:33.692388+00:00
2026Q2,Steel,True,Genel,Non-Energy Minerals,OK,KCAER,31.758475408654196,1.3985234286403534,,5.056264188131961,2.4305214080716793,1.1730600907775626,0.7917779369481964,0.5683196644634506,,0.47109295688334357,18.900666904368286,8.012065319623945,2.5413773987879416,,-8.102181674415487,52.698590788091295,0.43594192982600494,182.70700399672188,1.2.0-rc1,2026-10-10T10:03:33.692388+00:00
2026Q2,Oil Refining/Marketing,True,Holding,Energy Minerals,OK,KCHOL,13.889096633564437,0.6654565264477271,,5.472909830748822,1.3780391321829784,0.9048676619884142,0.8412076519364121,,,0.1271576309674397,,,,,5.907166151128629,-1450.7528857646162,,,1.2.0-rc1,2026-10-10T10:03:33.692388+00:00
2026Q2,Food: Specialty/Candy,False,Genel,Consumer Non-Durables,OK,KENT,,11.771597887902201,,-13.37608487511392,-7.351171573555846,1.2218774465782007,0.9390582367199961,0.02783553238144157,,0.5659683125420967,13.519708965529079,-2.38518907047257,-5.118865797004679,,-3.0054360600480945,-19.474600547170073,2.360239570785057,208.24425568297778,1.2.0-rc1,2026-10-10T10:03:33.692388+00:00
2026Q2,Hotels/Resorts/Cruise lines,False,Holding,Consumer Services,OK,KERVN,1.378888335104011,0.8557636818255989,,100.58544389430195,36.296010543715234,0.3352990256831272,0.3352990256831272,,,0.6395763264078935,,,,,-103.62537122304514,-446.64815606753933,,,1.2.0-rc1,2026-10-10T10:03:33.692388+00:00
2026Q2,Packaged Software,False,Savunma/Teknoloji,Technology Services,WARNING,KFEIN,37.58004281396742,0.8515434804971229,,2.588104934908061,2.884583609411376,1.9266573997355634,1.9266573997355634,0.01537664602877609,,0.7032754670332277,16.553685195155843,6.676947920923906,1.3857763210814418,,22.577923002268506,-61.379525283298506,-2.6796197991683135,,1.2.0-rc1,2026-10-10T10:03:33.692388+00:00
2026Q2,Real Estate Development,False,GYO,Finance,OK,KGYO,,5.898429314023473,,-55.11083691797629,-9.855322008219396,0.7908584204045248,0.3853755534742115,,,0.1413611202617082,,,,,415.79554836306903,-1353.6336747856706,,,1.2.0-rc1,2026-10-10T10:03:33.692388+00:00
2026Q2,Food Retail,False,Genel,Retail Trade,WARNING,KIMMR,3.685246621670413,0.5040876647455091,,16.35375793009215,7.711236637185504,0.9910669724408839,0.6719472835687884,0.4858015661391843,,0.47914320926762743,23.323621061997795,0.15103925556571174,4.102278314894001,,18.780907458651754,86.61374470369812,2.588027699540801,5.8414781664807185,1.2.0-rc1,2026-10-10T10:03:33.692388+00:00
2026Q2,Real Estate Investment Trusts,False,GYO,Finance,OK,KLGYO,,0.21829321236333224,,-3.948514694395223,-2.784816221577319,2.696969412986518,0.3128398781097642,,,0.6876923309092049,,,,,-82.96982411306668,-362.00726648648293,,,1.2.0-rc1,2026-10-10T10:03:33.692388+00:00
2026Q2,Chemicals: Major Diversified,False,Genel,Process Industries,OK,KLKIM,12.577157188867513,1.3883760191982757,,12.815591841847308,9.371486117242611,2.36162137825002,1.9486165650817946,0.05906596772070496,,0.6883467205512387,41.45373004603422,17.973604255803544,7.228020275348338,,8.674132219863505,-43.65763362703198,4.143933722096828,20.29981930149578,1.2.0-rc1,2026-10-10T10:03:33.692388+00:00
2026Q2,Industrial Machinery,False,Genel,Producer Manufacturing,OK,KLMSN,,0.41885314559382403,,-12.231140213496436,-4.6227822491937,1.1877892080118408,0.8981488718714734,0.9631709111671581,,0.3675471469001432,14.864117065248426,1.9172840498319663,-5.902018193941274,,4.835854018005659,60.33738929743713,5.322816817930684,3.7818613873784983,1.2.0-rc1,2026-10-10T10:03:33.692388+00:00
2026Q2,Investment Banks/Brokers,False,Banka,Finance,OK,KLNMA,,1.9387860614207424,,,5.1408766996575945,,,,,0.18029707723355565,,,,,,37.87185191906166,,,1.2.0-rc1,2026-10-10T10:03:33.692388+00:00
2026Q2,Food: Major Diversified,False,Holding,Consumer Non-Durables,OK,KLRHO,22.410534188196692,1.0990953924148221,,5.714687378956013,3.2351929094166296,1.9871243804278707,1.037213161260287,,,0.458167785808076,,,,,-44.421408270460695,26.94925630341727,,,1.2.0-rc1,2026-10-10T10:03:33.692388+00:00
2026Q2,Building Products,False,Genel,Producer Manufacturing,WARNING,KLSER,,1.4490945808963795,,-32.08834303937773,-12.471809148916734,0.8061853224519252,0.4593446720985537,1.2745719942841878,,0.33051870426154134,15.319543679442289,-5.6563929649797196,-13.776085827287252,,19.35245703261841,-54.757829295745175,1.7749717840427406,31.50040283221885,1.2.0-rc1,2026-10-10T10:03:33.692388+00:00
2026Q2,Home Furnishings,False,Genel,Consumer Durables,WARNING,KLSYN,181.42576653545953,1.5131357323817727,,0.9462145072524087,0.6044402042092903,1.3051586396823618,0.68617441112041,0.22962171802656495,,0.6210592008591439,51.528559933078675,3.4911954064195907,1.5280553601356712,,-16.811956047394183,-91.51774451001069,-8.067418579389992,,1.2.0-rc1,2026-10-10T10:03:33.692388+00:00
2026Q2,Electrical Products,False,Genel,Producer Manufacturing,OK,KLYPV,44.52068534188338,1.358526314226111,,3.6967551699723322,1.5115972656531147,0.820809221147188,0.31023287654548315,0.7581612646289948,,0.4563135243292996,18.677525564030095,-9.814868846260717,6.466591696866149,,-5.8815132716949154,-122.28951580791905,-50.15645251760872,,1.2.0-rc1,2026-10-10T10:03:33.692388+00:00
2026Q2,Industrial Conglomerates,False,Genel,Producer Manufacturing,OK,KMPUR,9.756528763481876,1.617380467392249,,21.55677146693835,5.642365167141902,1.1611797503914623,0.9213850308828637,1.4333460109045535,,0.29350337698734474,20.401418287080535,15.74238147485327,4.58955179105788,,-27.42000508614555,-132.20327492842284,-2.9854614011791156,,1.2.0-rc1,2026-10-10T10:03:33.692388+00:00
2026Q2,Food: Specialty/Candy,False,Genel,Consumer Non-Durables,WARNING,KNFRT,,1.7527774885948042,,-11.173866639085874,-3.8931131860704795,1.8826382174669993,1.5345948011321295,0.1402129288536562,,0.45496526868667964,8.783824173552542,0.60984685354617,-1.3416680055085566,,50.95634059276539,-69.89665184362843,0.8202698884211932,40.866867689264936,1.2.0-rc1,2026-10-10T10:03:33.692388+00:00
2026Q2,Steel,False,Genel,Non-Energy Minerals,OK,KOCMT,,0.45256548593990714,,-8.090161943097417,-5.386958404842346,1.228649164642776,0.7789246366124382,0.2887547152015843,,0.6199134917230534,3.067349371802773,2.51193714977388,-4.911295461858895,,-12.931746790797739,54.5668350451973,0.9032753836210052,33.5366789762005,1.2.0-rc1,2026-10-10T10:03:33.692388+00:00
2026Q2,Containers/Packaging,False,Genel,Process Industries,OK,KONKA,,0.3373588185245367,,-9.105777283968232,-7.697035645150723,4.55675577573192,3.200249192481734,0.006419742306045906,,0.8287385011232694,14.236209066611599,4.358056894836115,-23.19435519008009,,-14.898403645979197,14.103811649172338,-0.396751129734927,,1.2.0-rc1,2026-10-10T10:03:33.692388+00:00
2026Q2,Electric Utilities,False,Genel,Utilities,OK,KONTR,,0.5162824465431689,,-55.93451150275484,-11.235473770902106,0.6864259069025138,0.5574795634390234,2.601678461665681,,0.12566463799224586,1.7663386096670837,-6.519021857858364,-25.864568696847183,,-4.332432612797921,465.42057927209504,29.423718858455118,0.5751402557788068,1.2.0-rc1,2026-10-10T10:03:33.692388+00:00
2026Q2,Construction Materials,False,Genel,Non-Energy Minerals,OK,KONYA,42.24106660119279,3.2826449042795476,,9.174377448764574,6.641994673122459,1.517696264448739,0.9414010588592304,0.15630231415374754,,0.7217755633719463,22.426354962517667,12.675634969799326,5.254793918089691,,12.126596208057695,-245.8810286935016,-1.6178260886326852,,1.2.0-rc1,2026-10-10T10:03:33.692388+00:00
2026Q2,Textiles,False,Genel,Process Industries,OK,KOPOL,16.605556564971995,0.8002692784856329,,5.449860243459615,2.931010638757735,1.6717778545105308,1.4274228050989939,0.4793834608791916,,0.5448178077510366,12.842217413959716,9.525010919990319,3.8603155000764118,,6.3929012158988385,-21.392186222687414,-12.855312386984583,,1.2.0-rc1,2026-10-10T10:03:33.692388+00:00
2026Q2,Textiles,True,Genel,Process Industries,OK,KORDS,,0.6465850924289266,,-4.377532955427175,-1.0913675736588302,1.2224724032336187,0.6813181322621278,1.1200905133735028,,0.3224082135760889,14.834166540127692,2.315559023702294,-1.3879981888787183,,-1.9225325481458166,-62.75968132718426,13.006892735734448,2.176378481142816,1.2.0-rc1,2026-10-10T10:03:33.692388+00:00
2026Q2,Apparel/Footwear,False,Genel,Consumer Non-Durables,WARNING,KOTON,,1.1808130153501386,,-19.920800137016332,-5.329143765980666,1.0018861763428608,0.37271230123554183,1.485199842694571,,0.2519019020273566,54.35579659776754,2.8354087562541626,-3.529061618299449,,4.133231179636709,-7.189573918162495,13.4314909576904,1.6159475825108778,1.2.0-rc1,2026-10-10T10:03:33.692388+00:00
2026Q2,Industrial Specialties,False,Genel,Process Industries,OK,KPEKS,,2.4264885929426634,,,,1.7342154643354752,1.3452498682949736,0.24114089861240154,,0.6094736518067411,,,,,,,,,1.2.0-rc1,2026-10-10T10:03:33.692388+00:00
2026Q2,Steel,True,Genel,Non-Energy Minerals,WARNING,KRDMD,16.167960487722933,0.6467135706362439,,5.169111140310041,3.501433648213116,1.3978362514126623,0.6854377069108771,0.0713241572916255,,0.7037726294759299,9.779085631171142,4.775073238005343,5.670688036625596,,-5.2236376548232215,-336.3630610377067,11.272594735935252,8.133296015874068,1.2.0-rc1,2026-10-10T10:03:33.692388+00:00
2026Q2,Real Estate Investment Trusts,False,GYO,Finance,OK,KRGYO,,1.3359245953225694,,-2.1290993116019554,-1.8334535313806597,7.0929559314704935,4.510952826808495,,,0.8390391936095295,,,,,-31.921878940789806,-117.4199425100352,,,1.2.0-rc1,2026-10-10T10:03:33.692388+00:00
2026Q2,Major Telecommunications,False,Genel,Communications,OK,KRONT,22.941370497306703,3.5908097331433244,,19.216363957570636,11.865390080122145,1.0490798267226626,1.0425398391470087,0.10218085604519964,,0.6348243301249096,88.73458558191419,30.24066040394031,22.30150254664415,,29.975086182333442,434.8504193890438,11.080318822732034,46.174396310650785,1.2.0-rc1,2026-10-10T10:03:33.692388+00:00
2026Q2,Household/Personal Care,False,Genel,Consumer Non-Durables,OK,KRPLS,,1.8943303091648709,,-4.221857426442228,-2.265480425187222,1.9532798769997872,1.5709183494820167,0.23629730627087916,,0.5795499649859076,44.340767938527065,10.708528510881028,-1.722228703115317,,6.679419098710682,-78.08554537986225,12.805920083087877,6.760765868027586,1.2.0-rc1,2026-10-10T10:03:33.692388+00:00
2026Q2,Beverages: Non-Alcoholic,False,Genel,Consumer Non-Durables,OK,KRSTL,4.163192258563895,0.6601737440043464,,19.014220961295877,12.610063241997803,1.2770153950222685,0.7804796766700228,0.05535745880885078,,0.6859436262525185,13.06813263325357,9.046049523904239,9.09152752204133,,9.598701997649094,33.893289056616595,2.0669448071384764,18.269944105930946,1.2.0-rc1,2026-10-10T10:03:33.692388+00:00
2026Q2,Textiles,False,Genel,Process Industries,OK,KRTEK,,0.43911332488337157,,-4.445235669767883,-2.4029366725620034,1.3687052470162249,0.8284807820968447,0.4550953702930097,,0.5777003364315463,6.969833454204031,8.993822217361757,-3.2642334960600574,,-8.082969129785367,-78.26998865799433,10.466097600150265,3.440040939371024,1.2.0-rc1,2026-10-10T10:03:33.692388+00:00
2026Q2,Food: Specialty/Candy,False,Genel,Consumer Non-Durables,OK,KRVGD,7.065082253447385,0.5843606477082974,,9.64568809325524,4.1581679145504555,1.5585363918402606,0.9186965225793609,0.7238859363162677,,0.45699429438493655,29.63623388882896,8.641753469123412,4.016102254232803,,-1.7969668621220736,-277.5721569465433,4.0623013347027594,6.913233183416584,1.2.0-rc1,2026-10-10T10:03:33.692388+00:00
2026Q2,Hotels/Resorts/Cruise lines,False,Genel,Consumer Services,WARNING,KSTUR,,9.987758094312019,,,,2.2651903440816996,1.9828244755432154,0.0,,0.8456616245249876,,,,,,,,,1.2.0-rc1,2026-10-10T10:03:33.692388+00:00
2026Q2,Agricultural Commodities/Milling,False,Genel,Process Industries,OK,KTSKR,,0.44194980645384685,,-3.36047208806458,-2.740400356332753,4.493913806832269,2.5036811867509385,0.03609236236467665,,0.8036990821591221,-11.186488143115653,-23.276502724624287,-11.50892586775214,,-38.80291906974649,-152.30550841722393,-16.354306407645236,,1.2.0-rc1,2026-10-10T10:03:33.692388+00:00
2026Q2,Home Furnishings,False,Genel,Consumer Durables,OK,KUTPO,,0.5160476270061928,,-0.7603436247610151,-0.6073384158787358,3.695884701725151,1.7323343446865442,0.024860741829828892,,0.8190620730161609,32.72669516436199,8.427747628575366,-0.6940739502145674,,5.017364535512625,-106.03093432324393,7.399392476998075,7.213302116453589,1.2.0-rc1,2026-10-10T10:03:33.692388+00:00
2026Q2,Other Consumer Specialties,False,Genel,Consumer Durables,OK,KUVVA,,6.414635533129987,,-53.702839966492775,-11.390961398899925,0.25671867736086634,0.2162383323340337,1.269759123715791,,0.16053986069280402,12.663658260883148,4.737181607417031,-38.24528560513481,,30.501344975126777,-288.80545007787595,-31.940529688223222,,1.2.0-rc1,2026-10-10T10:03:33.692388+00:00
2026Q2,Real Estate Development,False,Genel,Finance,WARNING,KUYAS,,2.327323977675075,,-129.47120462049787,-67.53242581970778,1.390178328818508,1.2520446097647484,0.6999944298096846,,0.46241955247763133,26.911247183930275,-12.351872383529578,-251.13059930988766,,-7.473152016722007,-1041.307970025108,-61.271090437546825,,1.2.0-rc1,2026-10-10T10:03:33.692388+00:00
2026Q2,Real Estate Investment Trusts,False,GYO,Finance,WARNING,KZBGY,8.324361938811169,0.20722887945453622,,2.864426991282223,1.8546445577816892,2.0524510652010264,0.6970522734358203,,,0.6284950909080731,,,,,-81.43384541468723,-76.24654672596547,,,1.2.0-rc1,2026-10-10T10:03:33.692388+00:00
2026Q2,Real Estate Investment Trusts,False,GYO,Finance,WARNING,KZGYO,,0.2452962634092948,,-12.488341352783502,-9.153135608314358,0.2111662447406184,0.1844179681587135,,,0.7215445709654668,,,,,-3.01791132661573,-666.1215408812819,,,1.2.0-rc1,2026-10-10T10:03:33.692388+00:00
2026Q2,Finance/Rental/Leasing,False,Genel,Finance,WARNING,LIDER,11.713570658515362,0.6563198464659706,,6.481872616017129,4.442077520816845,6.025240869794217,5.899140464774913,0.2506022632614592,,0.6711621905137612,7.217989912601541,-0.9736600803431318,32.32093735262693,,-37.66426735047188,-74.62943385872622,5.377756235745794,70.39991528677761,1.2.0-rc1,2026-10-10T10:03:33.692388+00:00
2026Q2,Household/Personal Care,False,Genel,Consumer Non-Durables,OK,LILAK,12.677790633501495,0.7596489167539159,,6.851161035367406,5.214220789258102,3.1234024820827573,2.633621833098137,0.11420722122290211,,0.7451284247288545,29.824233853707582,13.954114692965353,7.497378247437478,,-13.710041941275596,-44.14423004255411,19.227885474482626,4.943351251354293,1.2.0-rc1,2026-10-10T10:03:33.692388+00:00
2026Q2,Information Technology Services,False,Savunma/Teknoloji,Technology Services,OK,LINK,8.025194608986478,1.5249602928232258,,23.575377147569554,19.017106003575304,5.672529611740439,5.66748698066009,0.00026370337900287174,,0.8431233356273157,36.82042674795944,21.845866891459334,25.51330546064588,,8.1993192499489,-24.624892800942767,1.3568149956326447,150.90431790572285,1.2.0-rc1,2026-10-10T10:03:33.692388+00:00
2026Q2,Medical/Nursing Services,False,Genel,Health Services,OK,LKMNH,19.073292078531534,0.8717874143626413,,5.065122479656494,2.809714805705317,0.811462591448588,0.6872142929318745,0.9822835375031576,,0.3829628807493129,18.664845243375602,16.31769953491979,3.0969734759102465,,16.20026473777305,-53.06786661570637,-5.590774994795767,,1.2.0-rc1,2026-10-10T10:03:33.692388+00:00
2026Q2,Construction Materials,True,Genel,Non-Energy Minerals,OK,LMKDC,6.580920939558262,1.4784799935821251,,26.72586102135943,21.638116539368287,2.8761166424547353,2.030023739503242,0.011326360827192773,,0.8125914394737683,37.24108844615387,31.39188882523069,19.565349870329538,,5.478101354396259,-20.98481433559618,9.255390642628607,13.911678677115981,1.2.0-rc1,2026-10-10T10:03:33.692388+00:00
2026Q2,Information Technology Services,False,Savunma/Teknoloji,Technology Services,INFO,LOGO,15.08919509788406,3.025233399783891,,23.698637754217255,11.850793493569364,0.7579487140752171,0.7557655122084997,0.004282937287558755,,0.5098404087119204,96.71318253868003,19.92666253142155,12.66307445400516,,11.378501779077288,-44.15772588009279,15.729493005129019,12.14760074677615,1.2.0-rc1,2026-10-10T10:03:33.692388+00:00
2026Q2,Food: Major Diversified,False,Holding,Consumer Non-Durables,OK,LRSHO,,0.19513233614340375,,-11.18104198762205,-5.449197418845527,2.221350057397006,0.6392210295789027,,,0.18424756850433605,,,,,22.46584741603732,118.11654235041051,,,1.2.0-rc1,2026-10-10T10:03:33.692388+00:00
2026Q2,Agricultural Commodities/Milling,False,Genel,Process Industries,WARNING,LUKSK,53.70602719431245,1.0570457297741325,,2.2470348038685737,1.6482349701913968,2.0666910451915865,1.1894436917690154,0.04969459817351535,,0.741932381206755,24.479451988203177,4.65097634853804,6.02987498136048,,-4.260749254618856,-154.07363365148382,13.238679141899768,24.461702429384406,1.2.0-rc1,2026-10-10T10:03:33.692388+00:00
2026Q2,Real Estate Investment Trusts,False,GYO,Finance,OK,LXGYO,,1.0963882404669785,,-5.718786700361257,-1.5482839913162805,1.2201550855581258,0.35693810660440717,,,0.22050060159097828,,,,,,,,,1.2.0-rc1,2026-10-10T10:03:33.692388+00:00
2026Q2,Alternative Power Generation,False,Holding,Utilities,INFO,LYDHO,,2.4583421275070965,,-5.309205158033102,-7.430822757766982,108.29866986113248,108.29866986113248,,,0.7860933226393514,,,,,-8.563811059596782,59.733762324680704,,,1.2.0-rc1,2026-10-10T10:03:33.692388+00:00
2026Q2,Food: Specialty/Candy,False,Genel,Consumer Non-Durables,WARNING,LYDYE,13.908366011046457,3.7386909666805055,,32.38050556730955,24.651690533561897,8.522071073526503,8.522071073526503,0.0,,0.7593840968461391,-82.92883714788015,-259.00490158597034,1692.2149822740164,,-42.43803915217135,-51.1506305206645,-1.0100807169267134,,1.2.0-rc1,2026-10-10T10:03:33.692388+00:00
2026Q2,Hotels/Resorts/Cruise lines,False,Genel,Consumer Services,WARNING,MAALT,15056.065610737209,1.207995614137643,,0.010632454277178141,0.009046135046144892,0.8117746594309742,0.8090859159576548,0.0,,0.8516318285769473,40.71326749402328,-35.26934095329113,0.7857034770698104,,-0.9478919547613041,-102.63245920559831,-3347.6310090559273,,1.2.0-rc1,2026-10-10T10:03:33.692388+00:00
2026Q2,Advertising/Marketing Services,False,Genel,Commercial Services,OK,MACKO,8.517178018177288,4.577067760971662,,53.335813933204655,34.545289196135926,1.6320051893481131,1.6320051893481131,0.08804030424614512,,0.5685113966882253,64.32293133512465,43.19988714793729,24.057727442290417,,-4.023852409419993,-39.34832983629113,48.90869735254823,4.189519623918191,1.2.0-rc1,2026-10-10T10:03:33.692388+00:00
2026Q2,Alternative Power Generation,False,Genel,Utilities,OK,MAGEN,,1.5937071738994726,,-8.97516431959796,-4.004880895178161,0.35377553303420706,0.3467300871389171,0.512350894358971,,0.5147224305727499,23.9294688677898,9.630472451821424,-63.31941677572349,,-7.349622711723325,0.2518747764237217,14.16818458072006,108.95329882323654,1.2.0-rc1,2026-10-10T10:03:33.692388+00:00
2026Q2,Computer Communications,False,Savunma/Teknoloji,Electronic Technology,OK,MAKIM,14.136755097957405,1.1409786304004461,,9.570600174598711,6.092933800304589,1.7745315916909248,1.0683188055770634,0.4000076616620423,,0.6197904493290434,31.877597328153456,15.251227786399602,6.326907519327193,,17.645571200835963,-221.10945194617378,-7.164880754793843,,1.2.0-rc1,2026-10-10T10:03:33.692388+00:00
2026Q2,Industrial Machinery,False,Genel,Producer Manufacturing,OK,MAKTK,,0.6655338253340156,,-8.166597524963219,-5.700954969941149,3.228525781421011,2.3332727112787706,0.09241107904392373,,0.7220826765433174,26.4430478858363,6.34309511447505,-13.2231277246771,,-12.942303763894202,-132.49361595482455,9.5115537115004,12.929116773097277,1.2.0-rc1,2026-10-10T10:03:33.692388+00:00
2026Q2,Industrial Machinery,False,Genel,Producer Manufacturing,OK,MANAS,,2.9024048250910406,,-97.00736093601951,-36.11074110233455,0.9635766360714229,0.2871318689510186,1.3950784263777143,,0.2690440076588995,16.116592973972963,-50.00956598655657,-128.4189936796393,,-6.441722867351007,222.504683945404,40.87629602093914,7.674963554487842,1.2.0-rc1,2026-10-10T10:03:33.692388+00:00
2026Q2,Construction Materials,False,Genel,Non-Energy Minerals,OK,MARBL,,0.7762249421304213,,,,1.5410268183805258,0.5583360736952973,0.45182886681985496,,0.5599490120250533,,,,,,,,,1.2.0-rc1,2026-10-10T10:03:33.692388+00:00
2026Q2,Real Estate Development,False,Holding,Finance,INFO,MARMR,,1.1015061631048724,,,,218.94844485504066,218.94844485504066,,,0.9954464469162296,,,,,,,,,1.2.0-rc1,2026-10-10T10:03:33.692388+00:00
2026Q1,Hotels/Resorts/Cruise lines,False,Genel,Consumer Services,OK,MARTI,,0.30950610454720506,,-9.534445213972807,-1.7082247488531421,0.1190587526841021,0.09124756417627537,0.6734009021056374,,0.24794649247778203,29.592255699235515,-13.171642289777107,-25.23713913326034,,3.9783947165526357,-291.1032163325361,47.480447532544694,2.727533176598498,1.2.0-rc1,2026-10-10T10:03:33.692388+00:00
2026Q2,Engineering & Construction,False,Genel,Industrial Services,OK,MASFN,9.046701334360776,2.023512182184203,,44.73480680739597,35.512694883781606,4.359761642944564,4.323898360963413,0.0554908361498953,,0.7902434075644416,36.20506419531668,30.907830769450722,45.746481124789355,,,,9.180420574993892,44.87538484788561,1.2.0-rc1,2026-10-10T10:03:33.692388+00:00
2026Q2,Apparel/Footwear,True,Genel,Consumer Non-Durables,OK,MAVI,13.820597536972198,1.9390469459013195,,15.864220878799198,6.584724495871979,1.4535384989955464,0.9068589167176663,0.41313733831768934,,0.47053545286234466,51.82919288359948,11.491375077026698,3.3539383607715765,,-0.5261538428353529,-27.457030694271257,18.40077574725581,2.9603752376665007,1.2.0-rc1,2026-10-10T10:03:33.692388+00:00
2026Q2,Miscellaneous Commercial Services,False,Genel,Commercial Services,OK,MCARD,13.033673964668951,3.440148296888478,,52.788619789230026,16.119039266758158,1.1748012483943016,1.1727996645214689,0.23631907589874204,,0.3053506481343309,31.14550854853732,11.203677772496777,21.988083951255383,,,,-28.003741798901498,,1.2.0-rc1,2026-10-10T10:03:33.692388+00:00
2026Q2,Medical Specialties,False,Genel,Health Technology,WARNING,MEDTR,67.18142073169328,0.6949739148286236,,1.1798722637645664,1.0377426358735387,3.7587492734067367,2.5046117232197047,0.008306365510574305,,0.8349475982763278,31.02003334463761,1.2909782668708438,1.2158089354521062,,-5.46068997133723,-143.5313997139656,27.061903440979158,2.7967497892073228,1.2.0-rc1,2026-10-10T10:03:33.692388+00:00
2026Q1,Textiles,False,Genel,Process Industries,OK,MEGAP,,0.14714611954209303,,-34.00104232165192,-6.7479391956608525,1.2060981512773425,0.9690014977419779,0.39177505232523546,,0.25094938365170666,4.64796043874837,4.873962554608004,-11.99013928421886,,-57.77777989876505,-217.52892548112524,5.381246769847836,0.8800340283982047,1.2.0-rc1,2026-10-10T10:03:33.692388+00:00
2026Q2,Other Metals/Minerals,False,Genel,Non-Energy Minerals,OK,MEGMT,6.377265147532941,1.8371789814776536,,32.57573515576762,9.784025703851276,1.0466717428442243,0.5831637385513608,1.8109465249284797,,0.268814480653754,7.677375462923486,3.3909416586996497,4.279547556916574,,34.090994320587306,33.85618628766831,-5.867161558894356,,1.2.0-rc1,2026-10-10T10:03:33.692388+00:00
2026Q2,Industrial Machinery,False,Genel,Producer Manufacturing,OK,MEKAG,,0.9963540127217835,,-5.773394118016195,-3.264505066621766,1.7821502509056546,0.7591004142873063,0.05070041396481473,,0.562605469776858,23.05840590776862,-0.012129283396364684,-2.5227672261597522,,9.66306704560662,-13.476591157471052,5.321667099455913,9.062552492501364,1.2.0-rc1,2026-10-10T10:03:33.692388+00:00
2026Q2,Specialty Stores,False,Genel,Retail Trade,WARNING,MEPET,9.839034715993856,0.504277889193937,,6.095501221732199,5.0581314845367755,1.9593127313723848,1.7355287242431505,0.0017854522991928611,,0.8604824147113622,8.526637478718389,9.623620284989082,3.19068444043394,,-4.652335638683414,-151.42839169811057,-3.7154484772809857,,1.2.0-rc1,2026-10-10T10:03:33.692388+00:00
2026Q2,Industrial Specialties,False,Genel,Process Industries,OK,MERCN,11.748986602487108,0.7367863207924685,,7.237292987774933,3.6381219334245145,1.1155539833885926,0.6813411477465672,0.6150180425474083,,0.5472056569496736,33.12533413039511,17.070442031797565,4.566184227799941,,-2.3346231647090265,94.36666562262643,-10.254882184778037,,1.2.0-rc1,2026-10-10T10:03:33.692388+00:00
2026Q2,Hotels/Resorts/Cruise lines,False,Genel,Consumer Services,OK,MERIT,5.516209177850781,0.22460126365566113,,5.21491858241235,5.203779517922593,5.997845216305596,5.997845216305596,0.0,,0.9978467681730914,96.6783130795277,66.11645287352714,210.6380361983063,,65.06794243910016,117.50965057756963,-41.36572194331164,,1.2.0-rc1,2026-10-10T10:03:33.692388+00:00
2025Q4,Food: Specialty/Candy,False,Genel,Consumer Non-Durables,WARNING,MERKO,,0.3676798702812043,,,,1.5648443709929327,1.1853106172824355,0.18715849547492547,,0.7492977432794782,,,,,,,,,1.2.0-rc1,2026-10-10T10:03:33.692388+00:00
2026Q2,Alternative Power Generation,False,Genel,Utilities,OK,METEN,9.003435500769022,0.7678119867647869,,17.055977947511366,11.938390791459867,0.939511947607101,0.939511947607101,0.35295865345023547,,0.6999534607865622,36.94229957041753,28.880005030045492,87.48550283028626,,,,-133.96850206711576,,1.2.0-rc1,2026-10-10T10:03:33.692388+00:00
2026Q2,Food: Meat/Fish/Dairy,False,Holding,Consumer Non-Durables,WARNING,METRO,,0.8160268000589733,,-5.237189560111444,-5.091083120064285,5.000228346580824,5.000228346580824,,,0.9958860467533999,,,,,664.213586164673,-82.57316417364405,,,1.2.0-rc1,2026-10-10T10:03:33.692388+00:00
2026Q2,Food: Major Diversified,False,Genel,Consumer Non-Durables,OK,MEYSU,14.029789705905314,1.4550673493665887,,20.742539694007426,14.540020025525594,2.163345852738284,1.301154491398962,0.23961512740631197,,0.7001011452475291,30.0017784405786,18.160383384162206,11.008586197244243,,,,-25.902075051863537,,1.2.0-rc1,2026-10-10T10:03:33.692388+00:00
2026Q2,Food Retail,True,Genel,Retail Trade,WARNING,MGROS,13.018155870944542,0.9641115467603171,,8.61534099340974,3.328477123618137,0.7993381575617408,0.3582909473844424,0.4200367990213332,,0.3715503806718084,23.850391174124137,-2.4327920421801847,1.4383872333179344,,9.79532850053182,-7.13433028393613,4.649744223467863,3.8813187490505547,1.2.0-rc1,2026-10-10T10:03:33.692388+00:00
2026Q2,Real Estate Development,False,GYO,Finance,INFO,MHRGY,7.013731794351379,0.3454606444591906,,5.698405625011715,4.606314342944741,33.446282629538125,16.903534249210526,,,0.7901214520536467,,,,,25.600822528887733,10383.964335143286,,,1.2.0-rc1,2026-10-10T10:03:33.692388+00:00
2026Q2,Information Technology Services,False,Savunma/Teknoloji,Technology Services,OK,MIATK,,2.2471400254822287,,-30.138823664226873,-21.96519526661033,1.429028611652765,1.4053880770496587,0.3051906041134805,,0.7064468808494146,37.88182443098985,30.267291397313635,-67.1984686855017,,-11.83343932092833,-169.0870163599989,-53.8751981485485,,1.2.0-rc1,2026-10-10T10:03:33.692388+00:00
2026Q2,Air Freight/Couriers,False,Genel,Transportation,WARNING,MMCAS,,16.6307684809459,,-22.005143538241985,-10.317709664582528,3.025150924662081,3.025150924662081,0.0,,0.687990161268259,99.3392631445099,-49.77596520957218,-22.910335440088637,,-63.73978429590594,-87.14303035358883,-325.83645059520967,,1.2.0-rc1,2026-10-10T10:03:33.692388+00:00
2026Q2,Apparel/Footwear,False,Genel,Consumer Non-Durables,OK,MNDRS,4.992095052030603,0.14788807590314101,,3.390694665998523,2.388783542302107,2.135628487562822,1.3389797265232362,0.22718392734830478,,0.699725090354693,3.3360292826787825,-0.5272577503104381,5.570339854248094,,-12.475107177470846,-343.4116465247397,13.704570290603419,1.993317174837626,1.2.0-rc1,2026-10-10T10:03:33.692388+00:00
2026Q2,Containers/Packaging,False,Genel,Process Industries,OK,MNDTR,,0.5218995717423071,,-24.55665835217386,-15.014271052786246,1.347385599959798,1.0334282765183065,0.14211270591421452,,0.592075491408353,12.557955836081247,-5.925140758367763,-10.677007566893506,,3.365893127752395,508.4197323353983,0.7472779830677018,31.386180447177153,1.2.0-rc1,2026-10-10T10:03:33.692388+00:00
2026Q2,Electronics Distributors,False,Genel,Distribution Services,OK,MOBTL,12.869198009197488,1.1513338603116599,,10.137183301027418,6.961554900213636,1.2686240932118702,1.0695663548465866,0.2503258197613907,,0.6541154435712024,9.871728725368,5.537967008374015,4.548781280033869,,25.005091892763787,144.642688135252,-2.9379969661642753,,1.2.0-rc1,2026-10-10T10:03:33.692388+00:00
2026Q2,Alternative Power Generation,False,Genel,Utilities,WARNING,MOGAN,,0.2572764980666206,,-12.82377670673439,-7.449575245469288,0.6143950600330188,0.5814907060889898,0.41076861843273776,,0.5114693485075783,-24.70001888343983,-34.61888474742381,-85.4180784131071,,-21.18385166519312,74.55485213304031,51.77055082069755,3.2864442944588474,1.2.0-rc1,2026-10-10T10:03:33.692388+00:00
2026Q2,Department Stores,False,Genel,Retail Trade,WARNING,MOPAS,14.525748385491195,0.8612771156838455,,6.826332441338964,3.6637988973792925,1.7748658800603323,0.9545287116312962,0.2890932313866924,,0.5402898567031884,28.631885862532858,1.4741292435517164,1.584116554085978,,6.7814967213507105,108.36742806791118,4.564780012061832,5.040873474108741,1.2.0-rc1,2026-10-10T10:03:33.692388+00:00
2026Q2,Hospital/Nursing Management,True,Genel,Health Services,OK,MPARK,12.550206217365854,1.905654449218184,,18.408480579104097,9.360576906888861,0.8391375132063749,0.8023540664133477,0.49070021296441924,,0.4598725152120687,27.830476470942806,17.64932583266353,11.280404237482331,,7.769148328836728,-10.29463109276726,6.571398554781684,19.00918856759201,1.2.0-rc1,2026-10-10T10:03:33.692388+00:00
2026Q1,Real Estate Investment Trusts,False,GYO,Finance,OK,MRGYO,,0.2335890580782263,,,,4.900368276198101,4.900368276198101,,,0.700870690299348,,,,,,,,,1.2.0-rc1,2026-10-10T10:03:33.692388+00:00
2026Q2,Industrial Specialties,False,Genel,Process Industries,WARNING,MRSHL,,11.822712938697913,,-11.350376603186088,-2.9272460848252484,1.0074853807674848,0.8790902249278287,0.45190029693089,,0.2555885079259307,44.77521959689339,7.325174015527204,-2.66230646124329,,-5.424972285611995,-57.95688356607113,12.468483171571872,23.77852986508032,1.2.0-rc1,2026-10-10T10:03:33.692388+00:00
2026Q2,Real Estate Development,False,GYO,Finance,INFO,MSGYO,,0.4346078392001178,,-0.9257404389027104,-0.7078870467170741,5.656634847929748,0.39929795124028317,,,0.7809168926118578,,,,,563.8299972103122,-701.4922720824919,,,1.2.0-rc1,2026-10-10T10:03:33.692388+00:00
2026Q2,Data Processing Services,False,Savunma/Teknoloji,Technology Services,OK,MTRKS,7.103125546622521,1.7854122727302446,,32.15588980909147,25.095638079969447,1.8430284954078033,1.8425103573846329,0.12569226663556526,,0.7697912993661377,12.6218069135669,5.350645945132783,19.971024161028478,,16.05357359517501,105.64036376241388,-9.654640073877733,,1.2.0-rc1,2026-10-10T10:03:33.692388+00:00
2026Q2,Investment Trusts/Mutual Funds,False,Yatırım Ortaklığı,Miscellaneous,WARNING,MTRYO,,0.6081818358999523,,-3.3673702118311186,-3.3386759167146227,97.87300493212061,97.87300493212061,,,0.9877082745284679,,,,,41.58991219757273,-10.04212850222288,,,1.2.0-rc1,2026-10-10T10:03:33.692388+00:00
2026Q2,Miscellaneous Manufacturing,False,Holding,Producer Manufacturing,OK,MZHLD,,7.1426319892796055,,-45.87794746717776,-2.034632233376929,0.6365111307144098,0.29950549831655693,,,0.010430591366424989,,,,,25.91488271163911,-67.93532561584101,,,1.2.0-rc1,2026-10-10T10:03:33.692388+00:00
2026Q2,Engineering & Construction,False,Genel,Industrial Services,WARNING,NATEN,,0.34740193372656836,,-12.477387892252406,-4.728546960068911,0.9700884523015864,0.9620151750914868,0.8571555218203618,,0.2745470896574598,18.958167759660903,-27.596786830610665,-84.17375846561671,,39.138791973431466,8.981253693031576,278.40066223063354,0.7464741819685613,1.2.0-rc1,2026-10-10T10:03:33.692388+00:00
2026Q2,Information Technology Services,False,Savunma/Teknoloji,Technology Services,OK,NETAS,,,,,-1.762525774217303,0.8221509691398168,0.75813150651975,,,,8.169603866307817,2.4520106183839205,-1.0681482341586062,,26.278147281454743,-30.73859062721335,2.6087551835874123,11.976968822384155,1.2.0-rc1,2026-10-10T10:03:33.692388+00:00
2026Q2,Packaged Software,False,Savunma/Teknoloji,Technology Services,OK,NETCD,12.40585207163588,3.4610066723248707,,55.79635566085691,52.03976108352111,7.620565345846633,7.619166821374126,0.013279004297584196,,0.9326731193669843,91.55439457043843,59.71849193258223,55.764254894854496,,,,46.27951475658255,14.948365399880595,1.2.0-rc1,2026-10-10T10:03:33.692388+00:00
2026Q2,Miscellaneous Manufacturing,False,Genel,Producer Manufacturing,OK,NETGL,,1.1264330684824313,,,,1.3296480462084375,0.8205460520987753,0.28335185069264546,,0.6807442716800576,,,,,,,,,1.2.0-rc1,2026-10-10T10:03:33.692388+00:00
2026Q2,Engineering & Construction,False,Genel,Industrial Services,WARNING,NIBAS,,3.523287143848511,,-121.04371018861858,-101.53020499043744,9.093650225221001,8.690584931833364,0.0,,0.8716663499562931,39.05003192265084,-186.0064190315789,-424.7391172120306,,68.28068819695838,1536.2669086366504,11.831248131247222,54.255734155988705,1.2.0-rc1,2026-10-10T10:03:33.692388+00:00
2026Q2,Gas Distributors,False,Genel,Utilities,OK,NTGAZ,6.357045214761363,1.2507606207521362,,23.182797690060312,17.461591870614985,1.987942010988135,1.8587201434933853,0.0807918289836794,,0.7496942376319375,29.630180966361703,17.367508340699423,12.046170847001687,,6.307764274600269,25.52663700316522,8.787671788872684,8.749590877202431,1.2.0-rc1,2026-10-10T10:03:33.692388+00:00
2026Q2,Hotels/Resorts/Cruise lines,False,Holding,Consumer Services,OK,NTHOL,14.873826542125537,0.20284023770257317,,1.6114897086852302,1.5173978599452522,0.9281100970774413,0.8330692048233808,,,0.6508809213275395,,,,,-1.2173627216265692,-61.73488746530178,,,1.2.0-rc1,2026-10-10T10:03:33.692388+00:00
2026Q2,Real Estate Investment Trusts,False,GYO,Finance,OK,NUGYO,,0.351753030766961,,-15.937610721083606,-15.231027794515864,5.142950811388603,4.164222470615161,,,0.9705967499034012,,,,,-22.74644587681586,515.8135723152014,,,1.2.0-rc1,2026-10-10T10:03:33.692388+00:00
2026Q2,Construction Materials,False,Genel,Non-Energy Minerals,OK,NUHCM,126.37976136261287,1.318957025100106,,1.1214880893519785,0.9400439280037458,3.3214755641527565,2.9085242643991247,0.05563137511217457,,0.8334046413384215,21.760535102943326,10.748637542242847,1.2656421041168386,,0.11901567693788362,-88.68153631287467,4.492408367292321,35.60389239041405,1.2.0-rc1,2026-10-10T10:03:33.692388+00:00
2026Q2,Food: Specialty/Candy,True,Genel,Consumer Non-Durables,OK,OBAMS,,0.9848548262464389,,,,3.670859495995199,2.9498880730361163,0.0038057822780062397,,0.823450455563782,,,,,,,,,1.2.0-rc1,2026-10-10T10:03:33.692388+00:00
2026Q2,Packaged Software,False,Savunma/Teknoloji,Technology Services,OK,OBASE,,1.442665415807671,,-1.2254262041329445,-0.7544370768350115,0.866033821968557,0.8660102016018478,0.3287444892612796,,0.5918688881030089,21.235864326239774,3.8813283912672416,-0.9072634483589215,,-5.043348916631318,-65.22928881860086,-4.228319516298756,,1.2.0-rc1,2026-10-10T10:03:33.692388+00:00
2026Q2,Electric Utilities,True,Genel,Utilities,WARNING,ODAS,,0.5315884244193373,,-0.30559443655664004,-3.1154932474391828,2.29770987727855,1.804447855761457,0.10783174550234678,,0.3458613935924836,13.068794459793745,-10.36983573527253,-12.638616281638281,,-3.6630777079326715,-97.75288368210123,9.812481730179217,8.087835922275563,1.2.0-rc1,2026-10-10T10:03:33.692388+00:00
2026Q2,Packaged Software,False,Savunma/Teknoloji,Technology Services,OK,ODINE,163.33650401924575,4.7020050111619875,,3.03126039355318,2.4159856859997086,2.3444360044969774,2.1733511303661066,0.055857558400290344,,0.690125795751228,16.167201336653424,-3.367366314143791,2.5040328254906035,,72.20996933007,-86.91016341840286,-14.352511172742034,,1.2.0-rc1,2026-10-10T10:03:33.692388+00:00
2026Q2,Agricultural Commodities/Milling,False,Genel,Process Industries,OK,OFSYM,23.313539742176655,1.5849118512425102,,7.965623144334985,3.9176623234084764,1.6853159426969457,1.4183109717818743,0.9915222046157516,,0.42417094426023655,11.47301085928097,8.804510076358142,1.8574523318710165,,-5.454758716844199,-52.553021946124126,-8.178733997902512,,1.2.0-rc1,2026-10-10T10:03:33.692388+00:00
2026Q2,Pharmaceuticals: Major,False,Genel,Health Technology,OK,ONCSM,31.79548295400823,5.0107492326548,,19.17434603277179,11.502154564927414,2.0938659722265025,1.5750641912214287,0.352565191293223,,0.5540533829632054,56.26889054955646,30.41257807897108,9.24524998554368,,18.247059598096737,1256.1454610640044,-0.7922735088958525,,1.2.0-rc1,2026-10-10T10:03:33.692388+00:00
2026Q2,Computer Communications,False,Savunma/Teknoloji,Electronic Technology,OK,ONRYT,,0.7867599622505207,,-6.745968285529637,-5.14829226828101,6.231946885354829,5.6592421041378085,0.16680654031813114,,0.732496227125507,10.462175272986242,-20.195502510026436,-19.742717239153208,,-16.254985180896043,-245.43756096611182,-33.310139739163226,,1.2.0-rc1,2026-10-10T10:03:33.692388+00:00
2026Q2,Food: Major Diversified,False,Genel,Consumer Non-Durables,OK,ORCAY,,0.6935174864183453,,-19.180844628997942,-6.771168999667614,0.8747802884411773,0.38948772106935564,0.9201359121128773,,0.3024416409412869,13.937131867079378,2.3477107649286078,-18.492681360259958,,1.3437871000088197,-12.104393903160627,-33.34624345445299,,1.2.0-rc1,2026-10-10T10:03:33.692388+00:00
2026Q2,Engineering & Construction,False,Genel,Industrial Services,OK,ORGE,9.95140400548861,1.7772530440258776,,22.0619669795333,13.762912145360517,4.446863377451094,4.3865042283513285,0.019305776706618018,,0.611496965849163,57.00215454677,52.292369842657195,20.018250445564508,,-1.2831520760315795,3.0424661078217285,8.274265470629452,24.075816563293113,1.2.0-rc1,2026-10-10T10:03:33.692388+00:00
2026Q2,Forest Products,False,Genel,Non-Energy Minerals,OK,ORMA,,0.45825805374505935,,,,0.46805317958847237,0.3356457483244569,0.3973493045714964,,0.6199467156989674,,,,,,,,,1.2.0-rc1,2026-10-10T10:03:33.692388+00:00
2026Q2,Pharmaceuticals: Other,False,Genel,Health Technology,OK,ORZAX,,,,65.40682318793097,22.894437173303807,1.5596876862145879,1.1819848725243567,1.4436340041917162,,0.35003132788642066,66.05438065494765,31.8279688279649,13.566728406421246,,,,-10.811017086762606,,1.2.0-rc1,2026-10-10T10:03:33.692388+00:00
2026Q2,Investment Managers,False,Finansal,Finance,WARNING,OSMEN,5.974659424609304,0.6813355114621893,,13.338681232761909,6.450806140437025,,,,,0.4444588393980779,,,,,,511.5201577627242,,,1.2.0-rc1,2026-10-10T10:03:33.692388+00:00
2026Q2,Investment Trusts/Mutual Funds,False,Holding,Miscellaneous,WARNING,OSTIM,,0.32464186211404583,,-2.9712213865630637,-2.4263271235138117,2.6695315228344514,0.8656916513386157,,,0.7789785610944463,,,,,13.683714611303245,-187.3707023753648,,,1.2.0-rc1,2026-10-10T10:03:33.692388+00:00
2026Q2,Motor Vehicles,True,Genel,Consumer Durables,OK,OTKAR,,7.559226649723155,,-84.56579421071632,-9.353659403588486,1.2315051188304567,0.6580351244483994,8.748264863392938,,0.07175788315742762,13.875845487128974,-4.030792174561385,-10.875535283343705,,5.857757045916823,164.0439484165983,-29.214087907761478,,1.2.0-rc1,2026-10-10T10:03:33.692388+00:00
2026Q2,Agricultural Commodities/Milling,False,Holding,Process Industries,OK,OTTO,,1.3772827204083882,,-5.079487465458983,-5.128553060917902,1.1322293925706257,1.131238033812967,,,0.6225561547728161,,,,,22.682246264668613,-160.33733529782782,,,1.2.0-rc1,2026-10-10T10:03:33.692388+00:00
2026Q2,Construction Materials,True,Genel,Non-Energy Minerals,OK,OYAKC,12.985545558040297,1.318713149431564,,12.09852351074073,9.418298883931845,2.448227011068331,1.7380412671621013,0.0401224385534581,,0.8167808505080041,26.527701246708883,19.321280482295517,12.33297104493623,,-2.6416721195499315,-23.70168094249293,15.022572728743015,10.660647830553824,1.2.0-rc1,2026-10-10T10:03:33.692388+00:00
2026Q2,Investment Managers,False,Yatırım Ortaklığı,Finance,WARNING,OYAYO,743.6235718751441,3.620203153010618,,0.5553440565792015,0.5450565955669973,173.8886333729383,173.8886333729383,,,0.9821350292729277,,,,,-39.61550998014825,-106.26500395021033,,,1.2.0-rc1,2026-10-10T10:03:33.692388+00:00
2026Q2,Food: Specialty/Candy,False,Genel,Consumer Non-Durables,OK,OYLUM,,0.4848971624382193,,-10.224633706048216,-7.352980629792623,2.1297979085566983,1.6795933736960424,0.13499850723041668,,0.7021829363729204,17.237677379376425,5.508829072402951,-10.864751058717426,,6.191515673245918,80.23983769663286,-4.98087406290373,,1.2.0-rc1,2026-10-10T10:03:33.692388+00:00
2026Q2,Financial Conglomerates,False,Finansal,Finance,WARNING,OYYAT,3.0514058797604995,0.6246244358037669,,24.504302836630814,12.42553102641624,,,,,0.6182036477028344,,,,,,275.09622524869746,,,1.2.0-rc1,2026-10-10T10:03:33.692388+00:00
2026Q2,Trucks/Construction/Farm Machinery,False,Genel,Producer Manufacturing,OK,OZATD,,11.872703690162384,,-10.947915268090686,-6.569153505378621,1.724489291344555,1.6857687429258459,0.4173315810661331,,0.577707382793253,6.346634854167707,4.895975020667951,-15.719445091847758,,6.4657980897655065,61.696829437765665,-14.074609529422991,,1.2.0-rc1,2026-10-10T10:03:33.692388+00:00
2026Q2,Real Estate Investment Trusts,False,GYO,Finance,WARNING,OZGYO,49.33125813941679,0.23437297496148055,,0.5413200179307104,0.5085327921842815,2.880316136297883,2.880316136297883,,,0.9342268641120652,,,,,59.67556137969419,-103.50428673146727,,,1.2.0-rc1,2026-10-10T10:03:33.692388+00:00
2026Q2,Real Estate Investment Trusts,False,GYO,Finance,OK,OZKGY,,0.2336692140575237,,-3.1123152832118417,-2.531402632268163,2.4230874652034666,1.3699742354898679,,,0.7692332397823874,,,,,-8.439193020817125,-216.15021865446434,,,1.2.0-rc1,2026-10-10T10:03:33.692388+00:00
2026Q2,Containers/Packaging,False,Genel,Process Industries,OK,OZRDN,,2.9598297708071417,,-19.625811215104992,-15.102916271083695,3.1083537136515007,2.416088606068282,0.006017539110635329,,0.7419570357750264,39.69838355362088,2.251624913288079,-9.632946933838124,,1.192233550859667,-20.991053962002802,0.2295913257175949,660.0517274110896,1.2.0-rc1,2026-10-10T10:03:33.692388+00:00
2026Q2,Agricultural Commodities/Milling,False,Genel,Process Industries,WARNING,OZSUB,9.350109310100907,3.171137888020907,,46.34350836571653,16.233660880529836,1.87320103007371,1.8238868732353315,1.2738350904863218,,0.38881286572090057,32.32504106471173,21.514576219735527,15.16128654154098,,-8.995238788355431,-403.07673958522344,-2.1753364942343563,,1.2.0-rc1,2026-10-10T10:03:33.692388+00:00
2026Q2,Metal Fabrication,False,Genel,Producer Manufacturing,OK,OZYSR,,1.3718898262684358,,-3.7941803118216564,-1.8352069701519653,1.0500356776245638,0.7813638405300007,0.902570938192708,,0.3740532906354827,12.755578922049308,2.5323005916493306,-1.8403272405363098,,-7.994524917931967,-57.89634870343493,15.883361464112811,3.7583897996669413,1.2.0-rc1,2026-10-10T10:03:33.692388+00:00
2026Q2,Real Estate Investment Trusts,False,GYO,Finance,OK,PAGYO,5.522604923750896,0.5710602455434637,,12.161093780279993,10.984926250610902,2.0608991373214645,2.0608991373214645,,,0.9075062064865732,,,,,11.333721321101597,68.72097563851605,,,1.2.0-rc1,2026-10-10T10:03:33.692388+00:00
2026Q2,Miscellaneous,True,Holding,Miscellaneous,OK,PAHOL,8.208415960173797,0.4493143484696062,,6.599928531792896,5.969725431386801,5.290879341947215,5.290879341947215,,,0.8901136421768983,,,,,102.28615221500212,40.12981316807285,,,1.2.0-rc1,2026-10-10T10:03:33.692388+00:00
2026Q2,Electric Utilities,False,Genel,Utilities,OK,PAMEL,,2.378143772500023,,-66.24519292026201,-41.06245952601143,1.3513927615642585,1.3513927615642585,0.0,,0.5000045308360862,-52.188312249783955,-151.21661206977882,-783.0926912304625,,-37.466995237780544,21.441778791536503,-31.70525618485169,,1.2.0-rc1,2026-10-10T10:03:33.692388+00:00
2026Q2,Electronic Equipment/Instruments,False,Savunma/Teknoloji,Electronic Technology,OK,PAPIL,,4.7589030587329635,,-68.1382826224937,-48.08586339224795,1.2529398945395005,0.3516204379303752,0.42079156108672977,,0.5371901353996947,42.08467583999207,-101.1593182117936,-346.9446535311931,,-74.03197209625091,222.0765423504427,-285.7900930621572,,1.2.0-rc1,2026-10-10T10:03:33.692388+00:00
2026Q2,Auto Parts: OEM,False,Genel,Producer Manufacturing,OK,PARSN,,0.32563280483664514,,-8.97926817157698,-4.844450052402979,0.3732354285418394,0.18189295536754452,0.4126166019303169,,0.5969470240479186,5.660674241615342,-10.73499090280538,-17.048079938528772,,17.765466652130236,7.317385798543885,-5.125932818805402,,1.2.0-rc1,2026-10-10T10:03:33.692388+00:00
2026Q2,Railroads,False,Genel,Transportation,OK,PASEU,26.07488849531769,7.640711148881807,,38.368323570405344,22.282588770558256,1.7949641200325552,1.7594066695567037,0.3972168312510471,,0.5665392673077563,13.406722095362674,7.318029237451737,46.3940290115287,,-13.049810098502167,485.6740225998555,-50.51187794001418,,1.2.0-rc1,2026-10-10T10:03:33.692388+00:00
2026Q2,Information Technology Services,False,Savunma/Teknoloji,Technology Services,OK,PATEK,,2.4792416758001727,,-13.080444229407947,-7.99927761663913,2.2835351067498726,1.9237334805285151,0.11208136115616864,,0.39595653282762683,-1.2639459304570122,-23.208490223914456,-24.00169308118794,,7.514744587397804,-182.16100431938722,-84.01694279169743,,1.2.0-rc1,2026-10-10T10:03:33.692388+00:00
2026Q2,Advertising/Marketing Services,False,Genel,Commercial Services,OK,PCILT,6.55470208837055,1.34746004958008,,25.403222822361933,11.193664572417465,1.4895735640273327,1.4895735640273327,0.004164071308314619,,0.4628768767821014,7.315745340781958,5.823358265259068,4.020991460780888,,40.393180517702554,67.21358237085144,6.173825079224246,4.269055372817976,1.2.0-rc1,2026-10-10T10:03:33.692388+00:00
2026Q2,Real Estate Investment Trusts,False,GYO,Finance,OK,PEKGY,7.244206497734298,1.0775046243140538,,20.23531797300086,8.374956150888123,0.7792296737244517,0.7792296737244517,,,0.42887490764132885,,,,,-35.15561453406794,649.1145899329628,,,1.2.0-rc1,2026-10-10T10:03:33.692388+00:00
2026Q2,Food: Specialty/Candy,False,Genel,Consumer Non-Durables,OK,PENGD,,0.25557430406540976,,-2.7592420440272543,-1.738557731059057,0.8895414752447521,0.21180569456323703,0.21192977128728605,,0.6321111767470129,3.497163885898866,-3.862051863412487,-3.5995159429717942,,6.922753551804739,-72.35137910109344,7.573030857302538,4.957377108414305,1.2.0-rc1,2026-10-10T10:03:33.692388+00:00
2026Q2,Electronics Distributors,False,Genel,Distribution Services,OK,PENTA,34.29845416502323,0.8459947916950136,,2.68661342499553,0.7498627218804285,1.3063794541160063,0.8359509737576079,0.32986197771374126,,0.25606263677310764,7.084186459171897,2.881897450587181,0.2780332679785505,,19.63702355110952,-72.75659812733191,1.6692432513836513,5.712835016831348,1.2.0-rc1,2026-10-10T10:03:33.692388+00:00
2026Q2,Chemicals: Specialty,True,Genel,Process Industries,WARNING,PETKM,,0.6925749659971144,,-4.674705558816599,-2.029823150922929,0.5930389285057314,0.42042229516440216,0.7454600427499785,,0.414675350034357,1.2369791204342653,-10.002107560177622,-2.7457590650375794,,15.91410408431404,-79.85327974972675,3.981947825061444,10.98164308139646,1.2.0-rc1,2026-10-10T10:03:33.692388+00:00
2026Q2,Food: Meat/Fish/Dairy,False,Genel,Consumer Non-Durables,OK,PETUN,11.775116611129945,0.2752256497687137,,2.7497150838327813,1.6345088230190894,1.359704854900424,1.0734282103574577,0.36698976202328787,,0.5897297067664168,16.819784358366846,7.348637986510164,2.074371549978437,,4.561791524071213,-19.82616528462836,1.1511367122649896,21.21899739236503,1.2.0-rc1,2026-10-10T10:03:33.692388+00:00
2026Q2,Airlines,True,Genel,Transportation,WARNING,PGSUS,58.82478814673952,0.5964835742618179,,1.0891040143138602,0.2891257732405768,0.8446238744416237,0.8211910756242282,2.2638290373613894,,0.25577071969089565,10.78321584041663,4.336469678773515,0.5770916508006414,,20.39803057732552,-94.10881487153124,12.556920648246425,2.703472853779693,1.2.0-rc1,2026-10-10T10:03:33.692388+00:00
2026Q2,Beverages: Non-Alcoholic,False,Genel,Consumer Non-Durables,INFO,PINSU,17.15576908250252,0.8107140996510855,,5.588569638206983,3.4949703148608764,0.7333463190246521,0.5807238946497448,0.2291776506814563,,0.6455946840622707,49.588492708326335,5.435710495183236,4.632190995003436,,2.094011889094216,-7618.942618672068,12.800728806324994,6.208146446869497,1.2.0-rc1,2026-10-10T10:03:33.692388+00:00
2026Q2,Commercial Printing/Forms,False,Genel,Commercial Services,OK,PKART,18.484601204084708,3.5548850759043344,,22.95686654848814,15.080481458809993,2.5896621516167144,2.1872186448811903,0.0,,0.7036420279670134,10.917341082941617,7.747497924552035,4.053952057875029,,20.809563914468775,345.0997825098685,4.466589995844519,16.776934341413625,1.2.0-rc1,2026-10-10T10:03:33.692388+00:00
2026Q2,Hotels/Resorts/Cruise lines,False,Genel,Consumer Services,WARNING,PKENT,14.802487298967952,1.754700085859367,,13.963258314910249,9.1158997988667,1.249248748183443,1.1690092081842787,0.0,,0.6526589319569087,6.292231985707336,12.90160199655743,11.5656565368065,,151.22052256770098,-247.6422974506186,-1.4641358531183097,,1.2.0-rc1,2026-10-10T10:03:33.692388+00:00
2026Q2,Other Transportation,False,Genel,Transportation,OK,PLTUR,6.291114445289339,0.37449744063405094,,6.884897588740106,4.196988516155197,1.656513535631909,1.6075709528848654,0.24762095005293305,,0.5957262537563316,21.76180430754053,24.556604286583823,6.11001589793675,,15.018138980972706,-47.938620824513514,9.125682852566754,4.2121570404614515,1.2.0-rc1,2026-10-10T10:03:33.692388+00:00
2026Q2,Construction Materials,False,Genel,Non-Energy Minerals,OK,PNLSN,8.403800511773978,0.7286567949454856,,10.150808702562857,6.309228872258409,1.2052815615131862,0.8377143943463234,0.10866293280239195,,0.5883041054934115,15.785428211201454,11.539887657224524,8.228460038367116,,3.6813861692521543,690.0617918699124,1.3960488058681284,49.53289339948283,1.2.0-rc1,2026-10-10T10:03:33.692388+00:00
2026Q2,Food: Meat/Fish/Dairy,False,Genel,Consumer Non-Durables,OK,PNSUT,,0.2681990767669915,,-9.925559021340726,-5.15812822576761,0.8212575780962664,0.6509226240360562,0.5655485797959959,,0.5283222887324739,10.518928094793884,0.11813685207596011,-6.780576791783618,,-16.960634184083766,-38.7634320682262,-1.1087048568952094,,1.2.0-rc1,2026-10-10T10:03:33.692388+00:00
2026Q2,Industrial Specialties,False,Holding,Process Industries,OK,POLHO,,0.9562087530372554,,-16.145091895928086,-12.471458129172722,0.5965621282975536,0.47978911898127163,,,0.7231543564476867,,,,,-18.837833877378387,108.65421285921477,,,1.2.0-rc1,2026-10-10T10:03:33.692388+00:00
2026Q2,Chemicals: Specialty,False,Genel,Process Industries,OK,POLTK,,36.48883024986621,,-19.628768550690097,-12.198069895169029,2.828664641476979,1.8323393271448065,0.10170408917783129,,0.5608608148159637,24.837814742730483,3.7865593873224954,-5.206941084929199,,26.43170203224208,140.5119758786959,4.094613982667399,248.85972590883026,1.2.0-rc1,2026-10-10T10:03:33.692388+00:00
2026Q2,Investment Managers,False,Yatırım Ortaklığı,Finance,WARNING,PRDGS,2.0906330146866616,0.3012041318947183,,17.485815864405463,17.374186416996977,5.72716478630705,5.72716478630705,,,0.993994405960166,,,,,-1174.2340096484656,-298.1257169288709,,,1.2.0-rc1,2026-10-10T10:03:33.692388+00:00
2026Q2,Electrical Products,False,Genel,Producer Manufacturing,OK,PRKAB,,7.2326690027357925,,-53.15455324809817,-5.333037770460328,0.9842838559235124,0.7143822107316723,0.05410716303954223,,0.07546756038308843,10.01667347594857,0.7953704644444645,-2.1061467219959122,,6.5273090956424085,-34.84289125646184,-0.15430494672666115,,1.2.0-rc1,2026-10-10T10:03:33.692388+00:00
2026Q2,Other Metals/Minerals,False,Genel,Non-Energy Minerals,OK,PRKME,,0.41976270596101883,,-14.177846148687067,-12.300662890645073,2.821167404905463,2.68194199802773,0.0,,0.845985344603273,8.414230692922157,-18.245854949567622,-125.17287944517108,,-38.8520348933759,-898.6495877047208,-5.86082068550738,,1.2.0-rc1,2026-10-10T10:03:33.692388+00:00
2026Q2,Commercial Printing/Forms,False,Genel,Commercial Services,OK,PRZMA,,1.7228019958291714,,-25.2300968490695,-19.08073131537091,1.7767716889423997,0.8405938507891949,0.04960542769878789,,0.7830338515282588,8.901492662131341,-14.438599897341934,-59.12168094979998,,147.61455085995107,680.8332904613541,-42.2566872959796,,1.2.0-rc1,2026-10-10T10:03:33.692388+00:00
2026Q2,Textiles,False,Genel,Process Industries,WARNING,PSDTC,20.036773652460717,2.4391473471438,,14.15986689391776,0.6366388901078597,1.054373116079442,1.0543633910202757,0.408786726427475,,0.05147639044849789,89.74444811256276,-17.427481267856905,36.9141502896818,,-16.65972634885311,-45.91327748603735,-45.39598517531413,,1.2.0-rc1,2026-10-10T10:03:33.692388+00:00
2026Q2,Real Estate Investment Trusts,False,GYO,Finance,OK,PSGYO,4.702940435974909,0.2796775970287865,,7.281409999394449,3.299085695733868,2.6919586126871096,0.5872623421567925,,,0.4757553482236646,,,,,99.27653201752517,-40.166354868220175,,,1.2.0-rc1,2026-10-10T10:03:33.692388+00:00
2026Q2,Major Banks,False,Banka,Finance,OK,QNBTR,,4.362640432622274,,,2.8048566722299144,,,,,0.09383248879474787,,,,,,35.814001707918486,,,1.2.0-rc1,2026-10-10T10:03:33.692388+00:00
2026Q2,Construction Materials,False,Genel,Non-Energy Minerals,OK,QUAGR,,0.4979020714411212,,-11.853615142711101,-5.575418277457878,1.0401061995659775,0.7970374539482697,0.4297037225258975,,0.4710087556399389,19.52525774541177,6.432636352618358,-10.804953741494906,,-2.4075423206046054,-55.388274061367305,6.882670726299721,7.13367510663605,1.2.0-rc1,2026-10-10T10:03:33.692388+00:00
2026Q2,Multi-Line Insurance,False,Sigorta,Finance,WARNING,QUICK,,1.020470948045565,,,,,,,,0.28132761596419553,,,,,,,,,1.2.0-rc1,2026-10-10T10:03:33.692388+00:00
2026Q2,Engineering & Construction,False,Holding,Industrial Services,OK,RALYH,4.920843161046653,1.6267225111638228,,42.273986795926035,26.371611301327686,0.5997227945770301,0.5770652623475802,,,0.47274447305791023,,,,,39.128221841974884,24.703812041557384,,,1.2.0-rc1,2026-10-10T10:03:33.692388+00:00
2026Q2,Multi-Line Insurance,False,Sigorta,Finance,OK,RAYSG,,2.0049191157341535,,,,,,,,0.23416874576779312,,,,,,7.626050112184868,,,1.2.0-rc1,2026-10-10T10:03:33.692388+00:00
2026Q2,Information Technology Services,False,Savunma/Teknoloji,Technology Services,WARNING,REEDR,,0.4361322155455702,,-2.4764838417382222,-1.9615624876124602,1.7179117072729841,0.6650731389405866,0.06417277865865353,,0.8071644344169706,52.19398935738744,36.14885407207143,-9.936238218774868,,-45.66850401869191,-90.83732890815004,12.097111954637391,14.89045813491379,1.2.0-rc1,2026-10-10T10:03:33.692388+00:00
2026Q2,Real Estate Development,True,Genel,Finance,OK,RGYAS,2.878709047190179,0.3901015222799988,,16.3528643732957,11.442820451230467,2.797305615052756,1.9893367579943664,0.20576447704097817,,0.6859541150022795,70.67575187368472,85.41567951370152,128.41425373136508,,35.23304158376186,568.5694707309772,6.780519948181109,54.51901577309274,1.2.0-rc1,2026-10-10T10:03:33.692388+00:00
2026Q2,Miscellaneous Manufacturing,False,Genel,Producer Manufacturing,OK,RNPOL,14.343892985260554,0.88644864199932,,6.879728648205596,2.9820010843828357,1.437157750458597,1.062884649332026,1.240402997488345,,0.3903897577827177,13.996021676291722,11.968401867446127,3.3279653793851836,,62.08444766867098,-1012.4223862854662,-20.018328234074286,,1.2.0-rc1,2026-10-10T10:03:33.692388+00:00
2026Q2,Apparel/Footwear,False,Genel,Consumer Non-Durables,WARNING,RODRG,24.628339971463195,5.844607780275745,,27.798812250782074,12.59129936031005,1.377933610759266,0.19164071055067378,0.18096420895694645,,0.4457773074948519,52.83861341341398,-12.972840612765424,21.02266683984488,,-29.885498284300414,-280.2389890966597,19.392846693033526,26.698163205946322,1.2.0-rc1,2026-10-10T10:03:33.692388+00:00
2026Q2,Medical Specialties,False,Genel,Health Technology,WARNING,RTALB,26.676351796987866,0.4446166275220074,,1.9306649650401724,1.7678656490265576,4.802137786057046,4.149554762828681,0.007486916083897,,0.8899999005462107,27.109676865598235,-6.901359147384195,15.457516624927841,,24.15349539553162,-85.31989100842064,56.788582011198606,7.261145406184802,1.2.0-rc1,2026-10-10T10:03:33.692388+00:00
2026Q2,Textiles,False,Genel,Process Industries,WARNING,RUBNS,137.83809369958482,0.24861179644837697,,0.2177124891094608,0.1768463907681125,6.163869559007946,3.7058633273811927,0.09302672736176909,,0.8287785821829751,16.619908948659642,17.431776606585405,0.3627976268907761,,23.585775367427786,-105.47106538203795,-40.0154597130639,,1.2.0-rc1,2026-10-10T10:03:33.692388+00:00
2026Q2,Agricultural Commodities/Milling,False,Genel,Process Industries,OK,RUZYE,,0.7256686512016621,,-8.623872164955698,-7.181304830910607,2.487012780576132,2.4863898313543618,0.2054197513216108,,0.7709168118992417,-6.149494411616693,-35.62495550387441,-45.314636106094405,,10.479522694381105,-240.07162518245883,-162.18835109941958,,1.2.0-rc1,2026-10-10T10:03:33.692388+00:00
2026Q2,Real Estate Investment Trusts,False,GYO,Finance,OK,RYGYO,4.813275250878185,0.960519694835349,,24.900269782868452,20.564100970775957,1.2226273403365902,1.2226273403365902,,,0.8074971444151701,,,,,-4.684190325532345,-10.434826303096678,,,1.2.0-rc1,2026-10-10T10:03:33.692388+00:00
2026Q2,Air Freight/Couriers,True,Genel,Transportation,OK,RYSAS,14.597169649627668,1.7836614465121732,,14.816564448300005,12.10121626037929,1.1952935077273972,1.1865749046829974,0.5718199911178538,,0.4874752792276221,36.351959584580776,33.106703155033095,38.02822176190824,,1.4045276819594887,567.2478280280745,-14.251192638586033,,1.2.0-rc1,2026-10-10T10:03:33.692388+00:00
2026Q2,Industrial Machinery,False,Genel,Producer Manufacturing,OK,SAFKR,14.519494969445356,1.8134095796052465,,14.862724392728788,9.093838969446422,1.7070859737841853,1.2653190341594855,0.058911444263889,,0.5668298600957351,25.146273874068548,14.850082312312074,6.189628454042502,,49.65305065849401,89.74273829565094,11.839138272744474,7.579375712011742,1.2.0-rc1,2026-10-10T10:03:33.692388+00:00
2026Q2,Regional Banks,True,Holding,Finance,OK,SAHOL,8.43617217888998,0.4178696602030124,,5.639632092497155,0.7489404507186281,0.8215136152550667,0.8112214222031174,,,0.09011645568907733,,,,,-1.766767023402982,-276.7314911067726,,,1.2.0-rc1,2026-10-10T10:03:33.692388+00:00
2026Q2,Commercial Printing/Forms,False,Genel,Commercial Services,OK,SAMAT,2.9066585174358033,0.587325548363271,,24.226123220118883,17.68215671189825,0.5017668486313117,0.2839138479021908,0.0,,0.7347507904537507,-10.308336614496675,-107.38900735574211,336.96611821117,,-72.83691721293759,-271.0311023651501,-24.985639380178558,,1.2.0-rc1,2026-10-10T10:03:33.692388+00:00
2026Q2,Electrical Products,False,Genel,Producer Manufacturing,OK,SANEL,2.8299196749632785,2.23350626738761,,115.10326241992989,66.4655557324696,1.3143194069582553,1.3005805329323108,0.031476496203109834,,0.49516510651357865,35.57615079832,31.07336436743052,75.82160660734029,,5.093830074151784,173.08001599618095,23.633608679949482,5.890124620800191,1.2.0-rc1,2026-10-10T10:03:33.692388+00:00
2026Q2,Industrial Specialties,False,Genel,Process Industries,OK,SANFM,106.90542706415748,2.441918218865336,,2.603719411402653,0.6577467449931428,1.6339670688638561,1.0933512952301139,1.055664849760094,,0.37885181453368333,11.71669086043761,5.669616590500035,0.7610146547898512,,17.775032447997518,-15.478274615985798,1.0432346503963048,114.18990567224232,1.2.0-rc1,2026-10-10T10:03:33.692388+00:00
2026Q2,Textiles,False,Genel,Process Industries,WARNING,SANKO,,1.2329635735418394,,-8.733211772556167,-5.734089075664643,1.5874589021265664,1.5870321401957146,0.0,,0.67858849970814,2.662513954916551,-0.8112357665141892,-3.5488068059412634,,-41.01965940171244,32.365143244588744,2.5402835054860793,21.829479861656843,1.2.0-rc1,2026-10-10T10:03:33.692388+00:00
2026Q2,Engineering & Construction,False,Genel,Industrial Services,OK,SARAE,16.74239923790836,2.299241666471366,,27.466095316439386,10.564349517956954,1.3339051328856726,0.6496687045122157,1.0130402896665782,,0.38463237661721184,25.041636006013963,18.371762598832262,11.242546725848541,,,,-1.7991597042465262,,1.2.0-rc1,2026-10-10T10:03:33.692388+00:00
2026Q2,Electrical Products,False,Genel,Producer Manufacturing,OK,SARKY,74.95739005292131,1.4867859764421472,,2.2246938302317476,0.7571437469034145,1.3097510917441493,0.859644001430752,0.9698773453666745,,0.3195510127594853,4.365352687081359,3.3168318873407725,0.2459077344438584,,23.467996537971516,1.1969716252538287,-1.5565123833080876,,1.2.0-rc1,2026-10-10T10:03:33.692388+00:00
2026Q2,Textiles,True,Genel,Process Industries,OK,SASA,,0.5257527040079976,,-8.486142408788275,-4.165047324238269,0.5785516097418844,0.2834431236509354,0.726438600005814,,0.5106831724697924,10.47471782567808,5.7982355368082255,-19.101971294403224,,14.465085818433842,118.63335310541738,-13.954969360830875,,1.2.0-rc1,2026-10-10T10:03:33.692388+00:00
2026Q2,Electrical Products,False,Genel,Producer Manufacturing,OK,SAYAS,15.186191847123734,1.97131681321853,,15.668794031597214,9.961253685230382,2.4500928723917186,1.8760373048891625,0.19822809112705675,,0.6528582875624286,26.80426666700543,20.877320993389826,7.341447002981054,,17.070590529369166,450.1082806428337,3.6567614528986927,30.487937759305947,1.2.0-rc1,2026-10-10T10:03:33.692388+00:00
2026Q2,Aerospace & Defense,False,Savunma/Teknoloji,Electronic Technology,OK,SDTTR,71.38132105380855,3.508633850557289,,5.704650498537771,3.4674993183864933,1.5382486295464093,0.5533734057147119,0.28727893009015254,,0.5597416790364657,25.624393701660132,13.774299421383462,5.089917999503756,,23.722518360363367,-376.7399558327352,-19.260457523793022,,1.2.0-rc1,2026-10-10T10:03:33.692388+00:00
2026Q2,Food: Specialty/Candy,False,Genel,Consumer Non-Durables,WARNING,SEGMN,42.86598887884413,0.6560774520062793,,1.8827105035331315,2.063075900602409,4.70546265473945,2.730871329526471,0.004173234451133414,,0.9083257991674656,22.243555827215395,7.132580060281047,3.144864820253673,,18.191518473528202,-69.83238562886062,-3.7862160642695457,,1.2.0-rc1,2026-10-10T10:03:33.692388+00:00
2026Q2,Real Estate Investment Trusts,False,GYO,Finance,OK,SEGYO,,0.32469499840924365,,-25.739090655509145,-22.498334672834115,7.8491994915925964,0.2835478018152366,,,0.8875120322028701,,,,,19.943546885063835,88.48610699366914,,,1.2.0-rc1,2026-10-10T10:03:33.692388+00:00
2026Q2,Containers/Packaging,False,Genel,Process Industries,WARNING,SEKUR,42.275530694692904,1.445577341179928,,3.963279320984737,1.0769969327809616,0.8986867162834911,0.6567411588704775,1.2914537026948834,,0.27883195206545064,16.11024729223238,6.730078725970339,0.9125643911192515,,27.295084205137243,-143.39754596534254,-9.002198049309106,,1.2.0-rc1,2026-10-10T10:03:33.692388+00:00
2026Q2,Medical Distributors,False,Genel,Distribution Services,WARNING,SELEC,23.49972943307466,1.3653940925070511,,6.747454267491401,2.5068707301026607,1.3927325223969773,1.0898480573343496,0.1656155087572225,,0.36477359817129446,10.24996314095813,3.6121237819303222,1.0202086649634179,,8.934854280411631,24.542981123560104,-0.5422982317926959,,1.2.0-rc1,2026-10-10T10:03:33.692388+00:00
2026Q2,Food: Specialty/Candy,False,Genel,Consumer Non-Durables,OK,SELVA,,0.4694168701544355,,-37.734157465758194,-19.430079507756577,0.47095655916153634,0.35497318445337883,0.3481908227208409,,0.49365796874012896,15.844552175098448,-0.19954557085432542,-38.57044202243456,,8.71189953018845,-1086.2991079232836,-42.74052500228706,,1.2.0-rc1,2026-10-10T10:03:33.692388+00:00
2026Q2,Building Products,False,Genel,Producer Manufacturing,OK,SERNT,,0.5567107306174857,,-39.53824773840554,-13.936971170499096,1.1610265445567427,0.45419651457244303,1.2649559625985414,,0.31431395377436083,37.73224846016648,17.79322244603413,-50.31989860407242,,11.536841727092373,122.01731934443116,67.1384895609597,1.0311962352066948,1.2.0-rc1,2026-10-10T10:03:33.692388+00:00
2026Q2,Medical Specialties,False,Genel,Health Technology,WARNING,SEYKM,38.15528697108204,1.0013314891274172,,3.021625181725566,2.681622589106774,7.341244294971555,5.540298756056187,0.00019178722318556344,,0.8887017958303183,30.37762637499312,-8.223643517647073,5.137335630146291,,-21.615728635044874,-124.94697379443637,43.50159996484461,4.505961054154449,1.2.0-rc1,2026-10-10T10:03:33.692388+00:00
2026Q2,Building Products,False,Genel,Producer Manufacturing,WARNING,SILVR,,0.31215236671484553,,-9.954547704562595,-5.771061868792411,0.9336573941348041,0.5809197944463187,0.10366814018657365,,0.5540716412418842,11.555673503431949,-9.275251604766451,-8.612565012656535,,-21.716108372897082,3.5391964071411763,5.193467380892169,5.678665114255629,1.2.0-rc1,2026-10-10T10:03:33.692388+00:00
2026Q2,Home Furnishings,True,Genel,Consumer Durables,OK,SISE,9.597653560578262,0.41713391587494836,,4.818813722220729,2.0849145378932095,1.8100099018393592,1.0819627055839938,0.6355135352188288,,0.4974177358106562,27.67584657691759,0.16979248853131335,4.10159090023806,,-2.537441362062365,120.3987639046296,5.30316672000291,8.37678420522392,1.2.0-rc1,2026-10-10T10:03:33.692388+00:00
2026Q2,Regional Banks,False,Banka,Finance,WARNING,SKBNK,,0.8423467496558505,,,1.2998919513216947,,,,,0.05674083331473588,,,,,,70.59138139923951,,,1.2.0-rc1,2026-10-10T10:03:33.692388+00:00
2026Q2,Textiles,False,Genel,Process Industries,OK,SKTAS,,0.4866354333725189,,-4.661728802716893,-2.465228528512996,0.8531504089113698,0.2320396369674461,0.33168481287497664,,0.5464891228446034,23.681989812636527,-2.730889748102954,-4.852349659343038,,-11.540567421945436,-86.62211687693359,7.398147864931127,8.275616383804058,1.2.0-rc1,2026-10-10T10:03:33.692388+00:00
2026Q2,Miscellaneous Commercial Services,False,Genel,Commercial Services,OK,SKYLP,,2.9094397955895928,,-17.22000476850685,-12.506965713041268,1.8902648877134254,1.8902648877134254,0.28948541246352194,,0.6575656687611681,71.65353560107562,-3.3350910441436725,-16.48660774314987,,8.790375482652756,-22.80394648164812,23.83571502845308,11.189130541814269,1.2.0-rc1,2026-10-10T10:03:33.692388+00:00
2026Q2,Investment Banks/Brokers,False,Finansal,Finance,OK,SKYMD,,1.7108011377441035,,-20.04254922615089,-8.899740073998359,,,,,0.4197306552739119,,,,,,90.82362057269569,,,1.2.0-rc1,2026-10-10T10:03:33.692388+00:00
2026Q2,Packaged Software,False,Savunma/Teknoloji,Technology Services,OK,SMART,,0.9842357877854228,,-9.424292857882358,-5.7259115192566465,0.18832810346797826,0.18049959920319092,0.24215484827461106,,0.52438574967915,66.57937475053654,-20.36869240547736,-25.429744351284466,,-44.27211667020497,-554.1390360053922,6.825683898842355,42.66057511257899,1.2.0-rc1,2026-10-10T10:03:33.692388+00:00
2026Q2,Semiconductors,False,Savunma/Teknoloji,Electronic Technology,OK,SMRTG,40.6745942286986,1.722896929035681,,5.024750030712721,0.7674418935356511,0.8888275411898117,0.7410234468761714,2.4726512933202343,,0.16995301076812713,23.692783640252394,11.087883825241942,1.465327917384723,,-9.92966165224065,-182.44679907472272,-8.409630912550394,,1.2.0-rc1,2026-10-10T10:03:33.692388+00:00
2026Q2,Real Estate Investment Trusts,True,GYO,Finance,WARNING,SNGYO,,0.19430853090423142,,-0.8899190473887517,-0.675105484369261,2.4828249344887565,0.4703382392015942,,,0.7453087313577438,,,,,43.23099537287409,-133.0093046089124,,,1.2.0-rc1,2026-10-10T10:03:33.692388+00:00
2026Q2,Industrial Machinery,False,Genel,Producer Manufacturing,OK,SNICA,,0.2674010805579323,,-17.29131053222932,-9.748318412051459,1.3519173167649736,0.5965841809471455,0.23936125581210135,,0.5946921027912332,19.146279201511074,-3.8609377609041062,-18.870233660511936,,3.8299291345400555,-60.766364741847,9.14299685603813,4.289756141777243,1.2.0-rc1,2026-10-10T10:03:33.692388+00:00
2026Q2,Textiles,False,Genel,Process Industries,OK,SNPAM,,0.8569616809904883,,-3.9693635809942847,-3.4490908447272983,4.245582616189202,2.967529308510041,0.0,,0.8566122565598608,-4.599147100549232,-7.501385746013156,-32.91583670621601,,-23.905724964762232,-1074.809014788121,9.40458738319734,84.6360556248031,1.2.0-rc1,2026-10-10T10:03:33.692388+00:00
2026Q2,Chemicals: Specialty,False,Genel,Process Industries,OK,SODSN,,3.891889602141019,,,,3.8706472197304302,2.1411646301134732,0.0014853079187660172,,0.6871686244410856,,,,,,,,,1.2.0-rc1,2026-10-10T10:03:33.692388+00:00
2026Q2,Alternative Power Generation,False,Genel,Utilities,OK,SOHOE,74.40269165897165,0.8884070367982472,,2.388104561781996,1.150721792983845,1.5219780935735163,0.7580858203519347,0.8024861821565235,,0.4818556990340407,39.978586652565966,31.6107669454622,1.1098376084941162,,,,5.09341797411609,16.21208112036952,1.2.0-rc1,2026-10-10T10:03:33.692388+00:00
2026Q2,Agricultural Commodities/Milling,False,Genel,Process Industries,OK,SOKE,,0.6512714113721519,,-3.834119322368077,-2.465831398714241,1.6514323948677319,1.3112407922187357,0.12083717476703633,,0.6192599182751479,8.675023011937014,2.467971716992373,-1.758795379267922,,21.982676189370288,-61.62558818598634,3.3881648048552413,9.478316124214306,1.2.0-rc1,2026-10-10T10:03:33.692388+00:00
2026Q2,Food Retail,True,Genel,Retail Trade,WARNING,SOKM,,0.8622586605769293,,-7.3332070067439155,-2.49341919790288,0.7971758871989101,0.2847049957067813,0.42061641882937145,,0.32259892079761077,20.50026695981033,-2.4921296698273423,-0.785877840935522,,10.391320080026478,143.0851611097217,7.560961971080651,1.3457411625108817,1.2.0-rc1,2026-10-10T10:03:33.692388+00:00
2026Q2,Textiles,False,Genel,Process Industries,WARNING,SONME,,1.8553425789517424,,-7.213341314643874,-6.227489379787622,21.64791164397723,21.64791164397723,0.0,,0.852731600457448,100.0,17.527780785984167,-493.702151469208,,-4.071256405410962,-254.5787370419757,73.69253724159506,189.854594090223,1.2.0-rc1,2026-10-10T10:03:33.692388+00:00
2026Q2,Real Estate Investment Trusts,False,GYO,Finance,OK,SRVGY,2.066866601095696,0.22811949606312987,,12.84097253357403,7.763613619870438,2.466092056425789,0.7540099678271008,,,0.5481909703467215,,,,,181.54876338507742,18.100254603967713,,,1.2.0-rc1,2026-10-10T10:03:33.692388+00:00
2026Q2,Other Consumer Specialties,False,Genel,Consumer Durables,OK,SSAAT,11.64050078560192,5.038332695340689,,86.56556600335577,32.785526885611816,1.4962710888083097,0.856069001858096,1.2281264858925518,,0.3787363544107234,59.387122964928395,26.793139099043927,11.433658424228215,,,,12.928914146354012,10.29425273947428,1.2.0-rc1,2026-10-10T10:03:33.692388+00:00
2026Q2,Containers/Packaging,False,Genel,Process Industries,OK,SUMAS,,2.343659204982647,,,,2.979294448103532,1.606607830154852,0.03306692753614072,,0.76898109802193,,,,,,,,,1.2.0-rc1,2026-10-10T10:03:33.692388+00:00
2026Q2,Apparel/Footwear,False,Genel,Consumer Non-Durables,OK,SUNTK,18.582360426609107,1.4478759306798836,,8.739330854719359,4.969444448726015,1.3907155974411183,0.9782798560060629,0.27777253762839677,,0.5794327824190728,17.851771888006933,6.3099811912623895,4.542701111650877,,-13.848810527997413,-51.13800835940508,11.150104232234195,7.5478479198233766,1.2.0-rc1,2026-10-10T10:03:33.692388+00:00
2026Q2,Real Estate Investment Trusts,False,GYO,Finance,OK,SURGY,,0.3088448473515494,,-8.228926446189384,-5.85667146109362,2.6168687502668866,2.6168687502668866,,,0.6972752231922466,,,,,,-135.25644992131345,,,1.2.0-rc1,2026-10-10T10:03:33.692388+00:00
2026Q2,Internet Retail,False,Genel,Retail Trade,OK,SUWEN,,1.680922640816686,,-9.792623627858747,-3.9982338058228013,1.140332191938904,0.15272427092426455,1.2912325392314143,,0.3730807561637962,51.12850612863797,7.280483342773492,-2.279831662310456,,3.956890044481298,-159.87085028770022,9.11021427839494,4.5537862578479675,1.2.0-rc1,2026-10-10T10:03:33.692388+00:00
2026Q2,Real Estate Development,False,GYO,Finance,OK,SVGYO,,0.7686060009928843,,-1.148299095379147,-0.863342585878422,9.745337324535349,9.745337324535349,,,0.7518446973898925,,,,,,,,,1.2.0-rc1,2026-10-10T10:03:33.692388+00:00
2026Q2,Restaurants,True,Genel,Consumer Services,OK,TABGD,20.43600077929108,2.2306236133949504,,12.75479819264945,7.933468544486579,1.5578467373163434,1.4658572732392343,0.28290889776002603,,0.6141793032080027,15.630043709746259,6.678970725950256,4.897326062380249,,18.312792181721104,-8.96427471022978,7.243290211181322,13.81716820799905,1.2.0-rc1,2026-10-10T10:03:33.692388+00:00
2026Q2,Chemicals: Agricultural,False,Genel,Process Industries,INFO,TARKM,616.828062978392,2.390074890805262,,0.4492490061488919,0.3106437666117362,1.1607530307031975,0.6851908169809716,0.38665282852065086,,0.6459628075223335,26.01036061100721,13.356098617891751,0.482135268312672,,8.83359360486702,-104.67032630506114,-16.599503186895724,,1.2.0-rc1,2026-10-10T10:03:33.692388+00:00
2026Q2,Alternative Power Generation,False,Genel,Utilities,WARNING,TATEN,,1.046819752977198,,-0.7430325606316973,-0.7009522992438607,0.3924092466304517,0.3924092466304517,1.2432179421506009,,0.35105268717794924,36.669396164210944,34.154350072141796,-3.0114856868173843,,14.765118294557045,-103.24545776100042,1.8718530503818727,91.10589332675639,1.2.0-rc1,2026-10-10T10:03:33.692388+00:00
2026Q2,Food: Specialty/Candy,False,Genel,Consumer Non-Durables,OK,TATGD,6.344485457831783,0.4645206904856915,,10.239847257246641,5.560794393287177,1.6020963833877797,0.920306962520892,0.46218977499551234,,0.6077666909885289,17.904064221847214,9.411078310965488,6.288967883097133,,11.896589062899277,-711.2595303119062,15.488093222525103,2.5761896384412224,1.2.0-rc1,2026-10-10T10:03:33.692388+00:00
2026Q2,Other Transportation,True,Genel,Transportation,OK,TAVHL,17.189060179454476,1.21049330072844,,7.575774020372647,2.721525449429203,0.8805632457700655,0.8251970304843219,1.3535255938501014,,0.3084301053969884,38.74548149915291,19.609066570411386,6.232015580108187,,24.93579978074294,50.04180821085862,10.703652847898196,8.59144477179903,1.2.0-rc1,2026-10-10T10:03:33.692388+00:00
2026Q2,Beverages: Alcoholic,False,Genel,Consumer Non-Durables,OK,TBORG,12.667593138531396,1.3345820647609474,,11.971922830952726,5.978138182802298,1.3845358179532279,1.1170546173729963,0.333829038135327,,0.48641328542864826,54.26223701199338,14.946158748510237,6.339287172371352,,8.42468469369484,-51.372294936953786,1.4904225617443818,53.87969341656012,1.2.0-rc1,2026-10-10T10:03:33.692388+00:00
2026Q2,Wireless Telecommunications,True,Genel,Communications,OK,TCELL,10.216157118146956,0.695002381516876,,7.957916319991257,3.769759396942192,1.4909039501820098,1.483477884517633,0.6850626408071938,,0.46910612775806443,28.918280136211884,22.914463918684582,7.599513571277512,,10.937500921113742,-35.944585660292695,-11.625368241916691,,1.2.0-rc1,2026-10-10T10:03:33.692388+00:00
2026Q2,Metal Fabrication,True,Genel,Producer Manufacturing,OK,TCKRC,10.312225257786812,2.8844754118622773,,36.83741391075744,27.655132740076976,12.235820598570925,10.205739604822988,0.15228601609919346,,0.759369268558312,43.5971015531511,40.5185474873238,35.58715088256446,,162.6524036684196,197.4924650923367,-3.015555788798558,,1.2.0-rc1,2026-10-10T10:03:33.692388+00:00
2026Q2,Real Estate Investment Trusts,False,GYO,Finance,INFO,TDGYO,1.3939463560444136,0.6699165176305392,,68.9928104322388,57.896779334715575,376.51884757967093,261.8283893499203,,,0.8077663998019781,,,,,-96.33836065123718,-7268.600494961134,,,1.2.0-rc1,2026-10-10T10:03:33.692388+00:00
2026Q2,Real Estate Investment Trusts,False,Holding,Finance,INFO,TEHOL,3.8583893464507946,1.364748627099431,,51.68975009670643,22.007061548900314,1.228988473769133,1.0579227024820719,,,0.40730091157328185,,,,,8594.25699279255,91.53152783713003,,,1.2.0-rc1,2026-10-10T10:03:33.692388+00:00
2026Q2,Hotels/Resorts/Cruise lines,False,Genel,Consumer Services,OK,TEKTU,,0.20860875280638438,,-17.193867127438114,-13.271467773346304,0.4733986045062021,0.4339793228653506,0.0,,0.7868105917769271,68.36838434707091,-92.75985637258792,-714.0521051636615,,20.722687659036954,141.3857377753672,379.8171648305615,2.425093938503608,1.2.0-rc1,2026-10-10T10:03:33.692388+00:00
2026Q2,Investment Banks/Brokers,False,Finansal,Finance,WARNING,TERA,0.40000966597045456,0.2846328080797677,,117.76067534707542,42.68840343969529,,,,,0.36661237082715464,,,,,,162.99172285515246,,,1.2.0-rc1,2026-10-10T10:03:33.692388+00:00
2026Q2,Household/Personal Care,False,Genel,Consumer Non-Durables,OK,TEZOL,,0.5409620825540922,,-0.6891419200286147,-0.5583845271230279,3.709917071173288,2.7410511606457795,0.03419079716320086,,0.8357003846232498,9.585669846550175,2.091514543672763,-0.6847307264438024,,-17.17885379091173,-122.02801560619582,10.905037726113848,5.503855791899536,1.2.0-rc1,2026-10-10T10:03:33.692388+00:00
2026Q2,Wholesale Distributors,False,Genel,Distribution Services,WARNING,TGSAS,12.112948683795752,4.395501461620461,,44.61322995255735,0.8293714588144416,1.0200113814290754,0.9985111713051423,0.03775348192706083,,0.023143638967713438,100.0,60.657396971600406,47.69402186070275,,-14.24752120979117,109.94947999561111,37.99811295074791,15.214271136756885,1.2.0-rc1,2026-10-10T10:03:33.692388+00:00
2026Q2,Airlines,True,Genel,Transportation,WARNING,THYAO,2.9819407445106276,0.38953694440053527,,15.028994132012494,6.625275985950347,0.9037319740062214,0.8128137400728009,0.8976178109938273,,0.43156823388785853,13.026293493426724,5.875332294203409,10.20777057045123,,23.589653254652166,-2.2332049325266667,0.049113355131471276,620.3625475970526,1.2.0-rc1,2026-10-10T10:03:33.692388+00:00
2026Q2,Engineering & Construction,True,Holding,Industrial Services,OK,TKFEN,,2.4905256031431566,,-9.115412442849301,-4.35933948015184,0.7711222503237433,0.43292476499359966,,,0.4885978000159405,,,,,-20.53495705795325,20.27129531634373,,,1.2.0-rc1,2026-10-10T10:03:33.692388+00:00
2026Q2,Miscellaneous Manufacturing,False,Genel,Producer Manufacturing,OK,TKNKA,,1.7423794702126694,,,,1.045352041045634,0.6899551296788675,0.9844729800240439,,0.42617342587443674,,,,,,,,,1.2.0-rc1,2026-10-10T10:03:33.692388+00:00
2026Q2,Electronics/Appliance Stores,False,Genel,Retail Trade,WARNING,TKNSA,,,,,-12.84293183405096,0.777662607262647,0.10435675507882,,,,12.605461208029858,-2.0482879582873843,-2.9007623679611414,,-0.03546254734354548,26.27481110088228,2.5730198323557265,1.121327134762806,1.2.0-rc1,2026-10-10T10:03:33.692388+00:00
2026Q2,Marine Shipping,False,Genel,Transportation,OK,TLMAN,,0.6443442793302763,,-4.553804882527364,-3.7908621005688286,5.950494436851676,5.935720822333886,0.053094698716544986,,0.8136138893578658,11.747028631401454,8.054770287607402,-9.41274184217424,,1.3566681514904255,-145.9960646386909,3.4165353062867934,44.27192023212344,1.2.0-rc1,2026-10-10T10:03:33.692388+00:00
2026Q2,Chemicals: Specialty,False,Genel,Process Industries,OK,TMPOL,,1.4649754338543086,,-13.856363464746638,-4.4524987503140485,1.1933273779152354,0.6110831626517309,0.7356730487283863,,0.3700650879633228,11.335078758059955,2.693915013437722,-6.185449639164043,,35.774603161795085,-460.79946381249783,12.429001459766798,6.642755500818424,1.2.0-rc1,2026-10-10T10:03:33.692388+00:00
2026Q2,Trucks/Construction/Farm Machinery,False,Genel,Producer Manufacturing,OK,TMSN,,0.42302627164556406,,-36.38153866044771,-21.313625323878338,1.6819815731945538,1.0443487063592456,0.606744565596023,,0.5208832969642166,2.866986125012736,-33.62065496927016,-159.9815497387996,,-53.59810152383071,-173.03529838040873,-24.139748265654344,,1.2.0-rc1,2026-10-10T10:03:33.692388+00:00
2026Q2,Medical/Nursing Services,False,Genel,Health Services,OK,TNZTP,,1.0241355796594633,,,,2.4660564622964727,2.325614512922931,0.0707663203440817,,0.8082600858692605,,,,,,,,,1.2.0-rc1,2026-10-10T10:03:33.692388+00:00
2026Q2,Motor Vehicles,True,Genel,Consumer Durables,OK,TOASO,9.456598321898593,2.0154903438542133,,24.585723840163237,7.8573040779082195,1.5032734169229247,1.074905958082239,1.07033539554249,,0.3046188652151993,6.580660538842137,1.7708371556277032,3.0978054335905734,,124.26670069921863,351.2867755459073,-6.974825793295554,,1.2.0-rc1,2026-10-10T10:03:33.692388+00:00
2026Q2,Precious Metals,True,Genel,Non-Energy Minerals,OK,TRALT,25.778135629290293,2.644982156583254,,12.21174830557774,10.763883861410129,4.721997678257159,4.1406778380610945,0.001544548856107659,,0.863846531729159,55.18169399754518,32.97977403025111,22.279944665010017,,76.46153055280432,63.98801257306743,6.513731928356391,88.173023038827,1.2.0-rc1,2026-10-10T10:03:33.692388+00:00
2026Q2,Electric Utilities,False,Holding,Utilities,OK,TRCAS,10.18066062580404,0.6976039843107402,,7.861135361734347,7.772003203932096,37.511637486972496,37.511637486972496,,,0.9973490540682369,,,,,,-22.908959829190835,,,1.2.0-rc1,2026-10-10T10:03:33.692388+00:00
2026Q2,Integrated Oil,True,Genel,Energy Minerals,WARNING,TRENJ,10.828340283431002,1.61326082151394,,18.162910152357025,9.494615068619296,4.350926361579661,3.791166108351623,0.007378795959386976,,0.24319861114701177,52.76668449204664,31.285938907753934,20.43113622671343,,66.62384125165195,-273.9306796368323,9.678456491260778,10.523276244333308,1.2.0-rc1,2026-10-10T10:03:33.692388+00:00
2026Q2,Real Estate Investment Trusts,True,GYO,Finance,OK,TRGYO,12.287225652355875,0.600223406915162,,5.598701561440903,4.511529574695856,3.804594799568148,2.6548043834492465,,,0.7831197659813052,,,,,8.582345140707325,-64.66781876421747,,,1.2.0-rc1,2026-10-10T10:03:33.692388+00:00
2026Q2,Financial Conglomerates,False,Holding,Finance,INFO,TRHOL,4.365711874126728,4.303512882870581,,196.17487516837582,88.40770575237681,4.27877920661993,4.27877920661993,,,0.46222251676275344,,,,,-160.52947250082693,-31109.521950128117,,,1.2.0-rc1,2026-10-10T10:03:33.692388+00:00
2026Q1,Pharmaceuticals: Major,False,Genel,Health Technology,OK,TRILC,,0.49084693135049284,,-4.417365814604508,-1.290215364661393,0.992520794045223,0.6957597746941037,2.0764623322252347,,0.23470635711014284,34.19656644799606,27.300662560217003,-1.5125643929220987,,,,3.2851395882182293,5.353689241279836,1.2.0-rc1,2026-10-10T10:03:33.692388+00:00
2026Q2,Precious Metals,True,Genel,Non-Energy Minerals,WARNING,TRMET,23.657200160699087,1.7718026318909077,,8.812660809796572,8.875055074902676,4.477418800541447,3.9205502486306028,0.006454232552086043,,0.4586981060893669,52.87549671407897,31.188304832363073,19.248405011801236,,66.89825859637895,-379.01457037684014,9.635517461285069,22.028029218457654,1.2.0-rc1,2026-10-10T10:03:33.692388+00:00
2026Q2,Real Estate Investment Trusts,False,GYO,Finance,OK,TSGYO,35.59048781816057,0.44025772223213966,,1.415680304001097,1.2584145435543832,0.23817541211402443,0.23817541211402443,,,0.8807003057119167,,,,,4.5290532656727445,-131.92561430655886,,,1.2.0-rc1,2026-10-10T10:03:33.692388+00:00
2026Q2,Investment Banks/Brokers,True,Banka,Finance,OK,TSKB,,0.5533024388370381,,,3.2666473356843175,,,,,0.13601091313609212,,,,,,-12.180691388880172,,,1.2.0-rc1,2026-10-10T10:03:33.692388+00:00
2025Q4,Movies/Entertainment,False,Genel,Consumer Services,OK,TSPOR,,0.5182393633561431,,-21.267622469651684,-8.531951797208738,0.2657683284946154,0.22723649519370231,0.01818366615464624,,0.5156983627692455,-70.66904579048064,-106.42084857656981,-50.116387766825255,,25.784263196848833,-3.2737126346346734,-206.51555114258056,,1.2.0-rc1,2026-10-10T10:03:33.692388+00:00
2026Q2,Major Telecommunications,True,Genel,Communications,OK,TTKOM,5.984886842225759,0.6900915185398678,,13.75119167110486,6.444649805873913,0.8193712766009379,0.7983630947701504,0.5468866073003978,,0.41371122161135104,41.282585945444936,19.610899025065475,10.298702270705112,,15.70673807431342,83.36967870073792,-12.128855530188764,,1.2.0-rc1,2026-10-10T10:03:33.692388+00:00
2026Q2,Trucks/Construction/Farm Machinery,True,Genel,Producer Manufacturing,OK,TTRAK,,2.0697402537275322,,-5.341530417491809,-2.2144645104789054,1.0846697571661648,0.6600386411688075,0.7617921266946921,,0.4483859429537439,10.920260496910041,-2.2334062914167525,-1.7279445360000434,,-31.039179183348153,-129.2995334178513,4.875952451891603,15.267374289541642,1.2.0-rc1,2026-10-10T10:03:33.692388+00:00
2026Q2,Aluminum,False,Genel,Non-Energy Minerals,OK,TUCLK,,0.2785694679586593,,-7.84983954592591,-4.021184868015128,1.1009939156859936,0.5321143257235106,0.6953478919898874,,0.5117447234220994,42.77800883367876,31.44719786292588,-13.592335005538308,,-12.410949466008358,-606.1463146260066,-26.821979593771,,1.2.0-rc1,2026-10-10T10:03:33.692388+00:00
2026Q2,Food: Specialty/Candy,True,Genel,Consumer Non-Durables,WARNING,TUKAS,,0.44838487410048034,,-0.8801576266521566,-0.5870225486565467,1.7876591577145708,0.8579242534850099,0.3525059201121805,,0.6752838445567014,19.86521825009168,15.169473233852443,-1.3802155003961785,,2.3075421941822105,-114.49238454841448,4.765559641938436,17.721441411794302,1.2.0-rc1,2026-10-10T10:03:33.692388+00:00
2026Q2,Oil Refining/Marketing,True,Genel,Energy Minerals,OK,TUPRS,10.231090409047997,1.6315741857750088,,19.072817047513283,10.453555192062872,1.3507139291721975,1.05245364851101,0.1495172750199843,,0.530402030859248,11.712497661945578,7.642018838348173,6.244756302446003,,14.77437441307201,154.17706162874887,12.796209502229175,4.943528508259093,1.2.0-rc1,2026-10-10T10:03:33.692388+00:00
2026Q2,Finance/Rental/Leasing,False,Genel,Finance,OK,TUREX,,0.7086456151549102,,,,1.6388460329087855,1.558520296745748,0.06974854150950976,,0.6567780430398892,,,,,,,,,1.2.0-rc1,2026-10-10T10:03:33.692388+00:00
2026Q2,Real Estate Development,False,Genel,Finance,OK,TURGG,11.863509479676976,1.2706516117492264,,12.618437436995734,9.58995779970253,13.35546930357038,13.35546930357038,0.00038598647797024243,,0.7587023452154797,,,,,,282.27882230082184,,,1.2.0-rc1,2026-10-10T10:03:33.692388+00:00
2026Q2,Multi-Line Insurance,True,Sigorta,Finance,OK,TURSG,,1.824552278840008,,,,,,,,0.31581318038511785,,,,,,52.02258376537332,,,1.2.0-rc1,2026-10-10T10:03:33.692388+00:00
2026Q2,Engineering & Construction,False,Genel,Industrial Services,OK,UCAYM,24.729911052821222,1.5735603025543403,,12.725968154057119,8.202033523265015,2.6929064607252324,2.2961003418583625,0.11908098029958414,,0.6445115549538882,27.765722768441837,17.162157345502987,3.9327486455330676,,,,-27.789685160690208,,1.2.0-rc1,2026-10-10T10:03:33.692388+00:00
2026Q2,Finance/Rental/Leasing,False,Holding,Finance,OK,UFUK,304.7594852045838,5.388920198254213,,2.0283315174892897,1.8009730708016616,67.15546444294401,67.15546444294401,,,0.8783329045529409,,,,,-100.0,-79.93492476279904,,,1.2.0-rc1,2026-10-10T10:03:33.692388+00:00
2026Q2,Hotels/Resorts/Cruise lines,False,Genel,Consumer Services,OK,ULAS,116.9175193794,0.7325992352080983,,0.7145562466759757,0.37066901470552194,0.9854375202075528,0.9830108889076795,0.19458671889741017,,0.4593814609793526,100.0,-417.5024382836194,93.1566041125717,,-94.2929829511163,-95.9759507051334,817.8083466298215,13.318082545299289,1.2.0-rc1,2026-10-10T10:03:33.692388+00:00
2026Q2,Food: Specialty/Candy,True,Genel,Consumer Non-Durables,OK,ULKER,7.236090446840712,0.6369131411361211,,10.30744760278598,3.6268646189761977,2.533514095210554,1.7045564490571423,1.2635806575488533,,0.3547470562171359,26.73485337088508,12.132664194874804,3.7966447254840974,,-1.6252380134477273,-50.89173375233681,12.491447464729802,2.051108400676996,1.2.0-rc1,2026-10-10T10:03:33.692388+00:00
2026Q2,Electrical Products,False,Genel,Producer Manufacturing,OK,ULUSE,,12.25079246192013,,,,0.9981165923560079,0.5045691286160343,1.8466868751994414,,0.12239217518721114,,,,,,,,,1.2.0-rc1,2026-10-10T10:03:33.692388+00:00
2026Q2,Agricultural Commodities/Milling,False,Genel,Process Industries,WARNING,ULUUN,10.678770152070458,0.308399879134472,,3.366049602760862,1.4443410722265229,1.2370486420685642,1.12841848109391,0.6064103574103414,,0.29970008952848337,2.61893011582477,2.6500607311793787,0.7449897456267984,,34.50526173446649,-174.52570222316356,-3.383341068059299,,1.2.0-rc1,2026-10-10T10:03:33.692388+00:00
2026Q2,Investment Managers,False,Holding,Finance,OK,UNLU,,0.5986938673270489,,-11.649599768616039,-5.474709910231784,1.1229234906917689,1.1229234906917689,,,0.41364618442132656,,,,,,208.62315790605282,,,1.2.0-rc1,2026-10-10T10:03:33.692388+00:00
2026Q2,Building Products,False,Genel,Producer Manufacturing,OK,USAK,,0.16788514456689235,,-13.986538644499483,-6.767634223562837,1.028572853160309,0.6932817028040796,0.4376115520771775,,0.49173074882590617,18.31024765250128,-0.33683845557136766,-12.934000322807151,,13.090537551256665,-332.3726729728822,-41.17039864220378,,1.2.0-rc1,2026-10-10T10:03:33.692388+00:00
2026Q2,Wholesale Distributors,False,Holding,Distribution Services,WARNING,USHOL,38.47645665575158,4.1417484795473705,,12.841412943763519,7.843857396248226,0.6219830504146034,0.48076783653834304,,,0.6364383028774881,,,,,-74.0728424491247,-78.47319690984618,,,1.2.0-rc1,2026-10-10T10:03:33.692388+00:00
2026Q2,Major Banks,True,Banka,Finance,OK,VAKBN,,0.9522440474238544,,,1.3524107124743805,,,,,0.06075078698881867,,,,,,36.78043605319159,,,1.2.0-rc1,2026-10-10T10:03:33.692388+00:00
2026Q2,Apparel/Footwear,False,Genel,Consumer Non-Durables,OK,VAKKO,,0.9083849108024112,,-1.463034208231179,-0.9195261432943101,2.3370782663355434,0.5127054818963149,0.23971095756188626,,0.6251930310111947,46.923076209693015,3.830669540961297,-0.5881360355550205,,6.702913019442214,-136.79482803852918,18.329377181669688,2.170481781580525,1.2.0-rc1,2026-10-10T10:03:33.692388+00:00
2026Q2,Food Distributors,False,Genel,Distribution Services,OK,VANGD,6.120536788218729,2.9829383251366335,,70.21422384115876,57.25954452623052,1.4641015151824748,0.6521496935062884,0.0,,0.8097111583851723,8.318614485967348,-0.2645220644473892,124.8512187304753,,29.818136001934835,-1051.8412945617483,-3.4137087362032923,,1.2.0-rc1,2026-10-10T10:03:33.692388+00:00
2026Q2,Packaged Software,False,Savunma/Teknoloji,Technology Services,OK,VBTYZ,14.575252276797517,2.4130826809811534,,18.18495392326254,8.4991206135044,1.926825514441247,0.8763512739807896,0.594623109127506,,0.4483756919073071,31.12300178643484,12.847235793055841,5.9166843633964055,,22.926500671132267,86.2818665367747,5.334678525971424,15.789703237538552,1.2.0-rc1,2026-10-10T10:03:33.692388+00:00
2026Q2,Investment Managers,False,Holding,Finance,OK,VERUS,,6.776639589899458,,-20.492645456034676,-16.36702797636918,7.2957322786464465,7.104084060072476,,,0.6368734152970617,,,,,-41.86207238813927,-239.92089102432547,,,1.2.0-rc1,2026-10-10T10:03:33.692388+00:00
2026Q2,Electronics/Appliances,False,Genel,Consumer Durables,OK,VESBE,,0.15344547723335095,,-15.434297760083274,-6.494422722106815,0.7806883164276612,0.5746310292992476,0.6635586611688497,,0.4205198068491862,3.5492740825337648,-12.017684082457261,-9.277793755752125,,-37.86354705154754,36.505197519856836,-1.9263194889066144,,1.2.0-rc1,2026-10-10T10:03:33.692388+00:00
2026Q2,Electronics/Appliances,True,Genel,Consumer Durables,OK,VESTL,,0.2713543419602738,,-92.031358891879,-14.73277161594941,0.33276840566868926,0.1529739558988155,4.980650760209879,,0.10749766960415684,14.603849828653646,-23.437718773179782,-24.46407242310467,,-38.58277452835348,-5.142527031425448,-3.036918759886852,,1.2.0-rc1,2026-10-10T10:03:33.692388+00:00
2026Q2,Electric Utilities,False,Genel,Utilities,OK,VEYAS,,2.64351750117528,,,,1.4547642246037507,1.3422035564033301,0.5905791293083261,,0.5304748401848763,,,,,,,,,1.2.0-rc1,2026-10-10T10:03:33.692388+00:00
2026Q2,Investment Managers,False,Yatırım Ortaklığı,Finance,OK,VKFYO,,11.891687854702111,,-36.966883041545415,-35.690063746100044,40.32726686363291,40.32726686363291,,,0.9620519425070948,,,,,,-24.381324852013854,,,1.2.0-rc1,2026-10-10T10:03:33.692388+00:00
2026Q2,Real Estate Investment Trusts,False,GYO,Finance,OK,VKGYO,14.440129556207772,0.2512321871480563,,1.984687780993569,1.5912911361918924,2.5176972478253634,0.3933605683273926,,,0.7752542500413057,,,,,-26.859411355945717,-73.07356047525981,,,1.2.0-rc1,2026-10-10T10:03:33.692388+00:00
2026Q2,Household/Personal Care,False,Genel,Consumer Non-Durables,INFO,VKING,,,,,-25.434396389017028,0.06847094302767953,0.04300412553050727,,,,-2.4627256392865218,-71.40910709290202,-157.01862466865876,,-33.132702127342384,29.92616500489751,-75.39715118844215,,1.2.0-rc1,2026-10-10T10:03:33.692388+00:00
2026Q2,Real Estate Development,False,GYO,Finance,OK,VRGYO,,0.202239108108368,,-15.308047609552277,-10.06768209998535,2.9233738548520707,2.4894734972707444,,,0.6094367440030128,,,,,-80.19826115430789,1.4981547232448156,,,1.2.0-rc1,2026-10-10T10:03:33.692388+00:00
2026Q2,Construction Materials,False,Genel,Non-Energy Minerals,WARNING,VSNMD,,1.2259871555035347,,-2.4987699569040775,-2.21564885289833,3.632936639938504,2.609030501875574,0.019303526135926022,,0.8847091388812891,16.452276072160217,-4.725705622114635,-5.682215317754333,,2.7238833546367136,641.5066832459366,-13.400354615537111,,1.2.0-rc1,2026-10-10T10:03:33.692388+00:00
2026Q2,Agricultural Commodities/Milling,False,Genel,Process Industries,OK,YAPRK,87.09069748072747,3.102851018342873,,4.0996652499164465,3.1160690950541188,2.7645942824893504,2.3828071261954276,0.10824319636999731,,0.7814667146022524,68.29185799272491,58.25194895738075,9.536141806305142,,-19.08594754930325,-35.294403221024886,16.255854812938548,51.08985351697475,1.2.0-rc1,2026-10-10T10:03:33.692388+00:00
2026Q2,Wholesale Distributors,False,Genel,Distribution Services,INFO,YATAS,4.730668475324724,0.29838848653568845,,7.350491920665419,3.482033604425547,1.4049068338863702,0.771276101123414,0.6909194066008607,,0.47343113254714553,34.687692106818844,6.152639622270724,3.0339784941444283,,15.176240525760631,-9185.403971176524,4.48400485023223,3.2008766485430735,1.2.0-rc1,2026-10-10T10:03:33.692388+00:00
2026Q2,Engineering & Construction,False,Genel,Industrial Services,OK,YAYLA,,0.7049494513870498,,-4.235661053835996,-3.837864037804405,0.574465357283028,0.5444758344603962,0.0,,0.90429717590954,-3.8253387803871184,-39.82265354702698,-48.253405779116484,,-37.01987868698565,-46.61969290064746,9.659651339801005,93.15662860747923,1.2.0-rc1,2026-10-10T10:03:33.692388+00:00
2026Q2,Construction Materials,False,Genel,Non-Energy Minerals,OK,YBTAS,,1.7499885423380326,,,,1.132412292804266,0.6097386223890504,0.0009106701652649391,,0.7404864038546687,,,,,,,,,1.2.0-rc1,2026-10-10T10:03:33.692388+00:00
2026Q2,Alternative Power Generation,False,Genel,Utilities,OK,YEOTK,9.193705201511536,4.214907465776291,,64.66618875279926,10.947588683442918,0.9976477073850756,0.8779478901370703,1.729666521573332,,0.18608211667264096,29.353209361772407,19.42635058491046,10.756233978642815,,101.05490724510435,293.11987752551994,-14.410957679919933,,1.2.0-rc1,2026-10-10T10:03:33.692388+00:00
2026Q2,Investment Trusts/Mutual Funds,False,Holding,Miscellaneous,OK,YESIL,,0.42318921277534094,,-10.181398363140746,-10.139354629080346,72.01349801310076,72.01349801310076,,,0.9955252604519169,,,,,-100.0,-37.75973542273626,,,1.2.0-rc1,2026-10-10T10:03:33.692388+00:00
2026Q2,Real Estate Investment Trusts,False,GYO,Finance,OK,YGGYO,8.127968049565823,1.7813490151673972,,27.592307873688593,23.50839500367811,5.623031348730881,5.612119612470578,,,0.9270163808941531,,,,,-9.67575356283784,-1080.118759626592,,,1.2.0-rc1,2026-10-10T10:03:33.692388+00:00
2026Q2,Electrical Products,False,Genel,Producer Manufacturing,OK,YIGIT,37.123445673071075,0.612296340777313,,1.8888607077270094,1.2990576578615112,2.457336952121663,1.5601942955407266,0.0915648484416848,,0.7425452986361455,12.628200167986714,4.601952137172026,0.9327939455122694,,-1.1980487879842183,-42.530563928010956,-1.4205895876402583,,1.2.0-rc1,2026-10-10T10:03:33.692388+00:00
2026Q2,Major Banks,True,Banka,Finance,OK,YKBNK,,1.044942434192706,,,1.735531535802335,,,,,0.08019505149213832,,,,,,61.09356305614773,,,1.2.0-rc1,2026-10-10T10:03:33.692388+00:00
2026Q2,Wholesale Distributors,False,Genel,Distribution Services,OK,YKSLN,,1.2064534504024096,,-5.639722797747106,-2.36351295663025,1.4301596103573093,0.6190035013622686,0.4958427913944085,,0.49130436918112147,32.5494560001216,18.323853406417072,-2.8375166629612334,,-8.062202850677592,-89.43249888936442,12.867939779786742,6.1458991034094534,1.2.0-rc1,2026-10-10T10:03:33.692388+00:00
2026Q2,Home Furnishings,False,Genel,Consumer Durables,OK,YONGA,,0.9521853301727392,,,,1.047421860369467,0.20903459742720595,0.6717786507628992,,0.4428090972845645,,,,,,,,,1.2.0-rc1,2026-10-10T10:03:33.692388+00:00
2026Q2,Textiles,False,Genel,Process Industries,OK,YUNSA,6.94899335733587,0.5826027819808645,,9.360161259236943,6.856685365635585,2.2971217224476597,1.4263064318865424,0.09069094325750167,,0.7171719918754149,19.295130545340303,13.033745224956188,10.923987327423061,,35.29079132957467,91.20852819228718,8.757092838053438,8.668483568430206,1.2.0-rc1,2026-10-10T10:03:33.692388+00:00
2026Q2,Engineering & Construction,False,Genel,Industrial Services,OK,YYAPI,,0.1809665136051949,,-7.69146350706484,-7.0680841396813925,5.896789610664594,4.575831410563581,4.512933563730525e-05,,0.9058234698702494,-488.84430011582555,-1220.267719619381,-3175.066974014607,,-70.04497237641235,-136.52366354733147,-10518.320972751737,,1.2.0-rc1,2026-10-10T10:03:33.692388+00:00
2026Q2,Agricultural Commodities/Milling,False,Genel,Process Industries,OK,YYLGD,3.5483739553583287,0.4610574680053604,,16.010766641729443,6.654844352831677,1.1637688525655188,0.6242438346213376,0.930687627075483,,0.4207947492668088,13.405789457053864,10.818617099613373,8.18203832443095,,53.43387045257187,38.89726643738456,-4.482935791215939,,1.2.0-rc1,2026-10-10T10:03:33.692388+00:00
2026Q2,Other Consumer Services,False,Genel,Consumer Services,OK,ZEDUR,,0.3735168962817324,,-3.057630789623839,-2.4362120751822873,0.10852491949831912,0.10852491949831912,0.19476557309072154,,0.8062091494845037,-4.316078335867668,-48.18819640477119,-51.3109318234089,,-13.650529020954016,-202.38211678166417,-81.91308425238311,,1.2.0-rc1,2026-10-10T10:03:33.692388+00:00
2026Q2,Real Estate Development,False,GYO,Finance,OK,ZERGY,18.361588159383743,1.6844265786458135,,18.347286346088556,4.933125034339168,1.9593079342164796,0.5883429352834081,,,0.2688749137766009,,,,,,,,,1.2.0-rc1,2026-10-10T10:03:33.692388+00:00
2026Q2,Real Estate Development,False,GYO,Finance,OK,ZGYO,11.26007066990472,0.7857575776693673,,13.95653012675126,9.76984162244867,1.949011543748271,1.8446616679852101,,,0.7000193840245629,,,,,,,,,1.2.0-rc1,2026-10-10T10:03:33.692388+00:00
2026Q2,Electric Utilities,True,Genel,Utilities,OK,ZOREN,,0.145149142581098,,-19.50129374827985,-8.821909020903162,0.8684395746483923,0.8304883419388249,0.9586501627666274,,0.44475847114790634,8.362408249471578,5.596597263155284,-32.10485715926726,,-7.459202880309778,-29.701400520597232,28.78353582909405,0.8338426252632758,1.2.0-rc1,2026-10-10T10:03:33.692388+00:00
2026Q2,Real Estate Investment Trusts,False,GYO,Finance,OK,ZRGYO,12.647800984794804,0.9514152871764092,,8.823823801013434,7.392175348715304,1.019192066802863,0.14058314705306374,,,0.8127572948835398,,,,,-9.508119789114566,11.002281600052877,,,1.2.0-rc1,2026-10-10T10:03:33.692388+00:00
